[2025-06-14 20:06:15] local.ERROR: No application encryption key has been specified. {"exception":"[object] (Illuminate\\Encryption\\MissingAppKeyException(code: 0): No application encryption key has been specified. at /Users/arsandiwirapanorama/Downloads/Ven-Barbershop/vendor/laravel/framework/src/Illuminate/Encryption/EncryptionServiceProvider.php:79)
[stacktrace]
#0 /Users/arsandiwirapanorama/Downloads/Ven-Barbershop/vendor/laravel/framework/src/Illuminate/Support/helpers.php(320): Illuminate\\Encryption\\EncryptionServiceProvider->Illuminate\\Encryption\\{closure}('')
#1 /Users/arsandiwirapanorama/Downloads/Ven-Barbershop/vendor/laravel/framework/src/Illuminate/Encryption/EncryptionServiceProvider.php(77): tap('', Object(Closure))
#2 /Users/arsandiwirapanorama/Downloads/Ven-Barbershop/vendor/laravel/framework/src/Illuminate/Encryption/EncryptionServiceProvider.php(60): Illuminate\\Encryption\\EncryptionServiceProvider->key(Array)
#3 /Users/arsandiwirapanorama/Downloads/Ven-Barbershop/vendor/laravel/framework/src/Illuminate/Encryption/EncryptionServiceProvider.php(32): Illuminate\\Encryption\\EncryptionServiceProvider->parseKey(Array)
#4 /Users/arsandiwirapanorama/Downloads/Ven-Barbershop/vendor/laravel/framework/src/Illuminate/Container/Container.php(908): Illuminate\\Encryption\\EncryptionServiceProvider->Illuminate\\Encryption\\{closure}(Object(Illuminate\\Foundation\\Application), Array)
#5 /Users/arsandiwirapanorama/Downloads/Ven-Barbershop/vendor/laravel/framework/src/Illuminate/Container/Container.php(795): Illuminate\\Container\\Container->build(Object(Closure))
#6 /Users/arsandiwirapanorama/Downloads/Ven-Barbershop/vendor/laravel/framework/src/Illuminate/Foundation/Application.php(986): Illuminate\\Container\\Container->resolve('encrypter', Array, true)
#7 /Users/arsandiwirapanorama/Downloads/Ven-Barbershop/vendor/laravel/framework/src/Illuminate/Container/Container.php(731): Illuminate\\Foundation\\Application->resolve('encrypter', Array)
#8 /Users/arsandiwirapanorama/Downloads/Ven-Barbershop/vendor/laravel/framework/src/Illuminate/Foundation/Application.php(971): Illuminate\\Container\\Container->make('encrypter', Array)
#9 /Users/arsandiwirapanorama/Downloads/Ven-Barbershop/vendor/laravel/framework/src/Illuminate/Container/Container.php(1066): Illuminate\\Foundation\\Application->make('encrypter')
#10 /Users/arsandiwirapanorama/Downloads/Ven-Barbershop/vendor/laravel/framework/src/Illuminate/Container/Container.php(982): Illuminate\\Container\\Container->resolveClass(Object(ReflectionParameter))
#11 /Users/arsandiwirapanorama/Downloads/Ven-Barbershop/vendor/laravel/framework/src/Illuminate/Container/Container.php(943): Illuminate\\Container\\Container->resolveDependencies(Array)
#12 /Users/arsandiwirapanorama/Downloads/Ven-Barbershop/vendor/laravel/framework/src/Illuminate/Container/Container.php(795): Illuminate\\Container\\Container->build('App\\\\Http\\\\Middle...')
#13 /Users/arsandiwirapanorama/Downloads/Ven-Barbershop/vendor/laravel/framework/src/Illuminate/Foundation/Application.php(986): Illuminate\\Container\\Container->resolve('App\\\\Http\\\\Middle...', Array, true)
#14 /Users/arsandiwirapanorama/Downloads/Ven-Barbershop/vendor/laravel/framework/src/Illuminate/Container/Container.php(731): Illuminate\\Foundation\\Application->resolve('App\\\\Http\\\\Middle...', Array)
#15 /Users/arsandiwirapanorama/Downloads/Ven-Barbershop/vendor/laravel/framework/src/Illuminate/Foundation/Application.php(971): Illuminate\\Container\\Container->make('App\\\\Http\\\\Middle...', Array)
#16 /Users/arsandiwirapanorama/Downloads/Ven-Barbershop/vendor/laravel/framework/src/Illuminate/Pipeline/Pipeline.php(172): Illuminate\\Foundation\\Application->make('App\\\\Http\\\\Middle...')
#17 /Users/arsandiwirapanorama/Downloads/Ven-Barbershop/vendor/laravel/framework/src/Illuminate/Pipeline/Pipeline.php(119): Illuminate\\Pipeline\\Pipeline->Illuminate\\Pipeline\\{closure}(Object(Illuminate\\Http\\Request))
#18 /Users/arsandiwirapanorama/Downloads/Ven-Barbershop/vendor/laravel/framework/src/Illuminate/Routing/Router.php(805): Illuminate\\Pipeline\\Pipeline->then(Object(Closure))
#19 /Users/arsandiwirapanorama/Downloads/Ven-Barbershop/vendor/laravel/framework/src/Illuminate/Routing/Router.php(784): Illuminate\\Routing\\Router->runRouteWithinStack(Object(Illuminate\\Routing\\Route), Object(Illuminate\\Http\\Request))
#20 /Users/arsandiwirapanorama/Downloads/Ven-Barbershop/vendor/laravel/framework/src/Illuminate/Routing/Router.php(748): Illuminate\\Routing\\Router->runRoute(Object(Illuminate\\Http\\Request), Object(Illuminate\\Routing\\Route))
#21 /Users/arsandiwirapanorama/Downloads/Ven-Barbershop/vendor/laravel/framework/src/Illuminate/Routing/Router.php(737): Illuminate\\Routing\\Router->dispatchToRoute(Object(Illuminate\\Http\\Request))
#22 /Users/arsandiwirapanorama/Downloads/Ven-Barbershop/vendor/laravel/framework/src/Illuminate/Foundation/Http/Kernel.php(200): Illuminate\\Routing\\Router->dispatch(Object(Illuminate\\Http\\Request))
#23 /Users/arsandiwirapanorama/Downloads/Ven-Barbershop/vendor/laravel/framework/src/Illuminate/Pipeline/Pipeline.php(144): Illuminate\\Foundation\\Http\\Kernel->Illuminate\\Foundation\\Http\\{closure}(Object(Illuminate\\Http\\Request))
#24 /Users/arsandiwirapanorama/Downloads/Ven-Barbershop/vendor/laravel/framework/src/Illuminate/Foundation/Http/Middleware/TransformsRequest.php(21): Illuminate\\Pipeline\\Pipeline->Illuminate\\Pipeline\\{closure}(Object(Illuminate\\Http\\Request))
#25 /Users/arsandiwirapanorama/Downloads/Ven-Barbershop/vendor/laravel/framework/src/Illuminate/Foundation/Http/Middleware/ConvertEmptyStringsToNull.php(31): Illuminate\\Foundation\\Http\\Middleware\\TransformsRequest->handle(Object(Illuminate\\Http\\Request), Object(Closure))
#26 /Users/arsandiwirapanorama/Downloads/Ven-Barbershop/vendor/laravel/framework/src/Illuminate/Pipeline/Pipeline.php(183): Illuminate\\Foundation\\Http\\Middleware\\ConvertEmptyStringsToNull->handle(Object(Illuminate\\Http\\Request), Object(Closure))
#27 /Users/arsandiwirapanorama/Downloads/Ven-Barbershop/vendor/laravel/framework/src/Illuminate/Foundation/Http/Middleware/TransformsRequest.php(21): Illuminate\\Pipeline\\Pipeline->Illuminate\\Pipeline\\{closure}(Object(Illuminate\\Http\\Request))
#28 /Users/arsandiwirapanorama/Downloads/Ven-Barbershop/vendor/laravel/framework/src/Illuminate/Foundation/Http/Middleware/TrimStrings.php(40): Illuminate\\Foundation\\Http\\Middleware\\TransformsRequest->handle(Object(Illuminate\\Http\\Request), Object(Closure))
#29 /Users/arsandiwirapanorama/Downloads/Ven-Barbershop/vendor/laravel/framework/src/Illuminate/Pipeline/Pipeline.php(183): Illuminate\\Foundation\\Http\\Middleware\\TrimStrings->handle(Object(Illuminate\\Http\\Request), Object(Closure))
#30 /Users/arsandiwirapanorama/Downloads/Ven-Barbershop/vendor/laravel/framework/src/Illuminate/Foundation/Http/Middleware/ValidatePostSize.php(27): Illuminate\\Pipeline\\Pipeline->Illuminate\\Pipeline\\{closure}(Object(Illuminate\\Http\\Request))
#31 /Users/arsandiwirapanorama/Downloads/Ven-Barbershop/vendor/laravel/framework/src/Illuminate/Pipeline/Pipeline.php(183): Illuminate\\Foundation\\Http\\Middleware\\ValidatePostSize->handle(Object(Illuminate\\Http\\Request), Object(Closure))
#32 /Users/arsandiwirapanorama/Downloads/Ven-Barbershop/vendor/laravel/framework/src/Illuminate/Foundation/Http/Middleware/PreventRequestsDuringMaintenance.php(99): Illuminate\\Pipeline\\Pipeline->Illuminate\\Pipeline\\{closure}(Object(Illuminate\\Http\\Request))
#33 /Users/arsandiwirapanorama/Downloads/Ven-Barbershop/vendor/laravel/framework/src/Illuminate/Pipeline/Pipeline.php(183): Illuminate\\Foundation\\Http\\Middleware\\PreventRequestsDuringMaintenance->handle(Object(Illuminate\\Http\\Request), Object(Closure))
#34 /Users/arsandiwirapanorama/Downloads/Ven-Barbershop/vendor/laravel/framework/src/Illuminate/Http/Middleware/HandleCors.php(49): Illuminate\\Pipeline\\Pipeline->Illuminate\\Pipeline\\{closure}(Object(Illuminate\\Http\\Request))
#35 /Users/arsandiwirapanorama/Downloads/Ven-Barbershop/vendor/laravel/framework/src/Illuminate/Pipeline/Pipeline.php(183): Illuminate\\Http\\Middleware\\HandleCors->handle(Object(Illuminate\\Http\\Request), Object(Closure))
#36 /Users/arsandiwirapanorama/Downloads/Ven-Barbershop/vendor/laravel/framework/src/Illuminate/Http/Middleware/TrustProxies.php(39): Illuminate\\Pipeline\\Pipeline->Illuminate\\Pipeline\\{closure}(Object(Illuminate\\Http\\Request))
#37 /Users/arsandiwirapanorama/Downloads/Ven-Barbershop/vendor/laravel/framework/src/Illuminate/Pipeline/Pipeline.php(183): Illuminate\\Http\\Middleware\\TrustProxies->handle(Object(Illuminate\\Http\\Request), Object(Closure))
#38 /Users/arsandiwirapanorama/Downloads/Ven-Barbershop/vendor/laravel/framework/src/Illuminate/Pipeline/Pipeline.php(119): Illuminate\\Pipeline\\Pipeline->Illuminate\\Pipeline\\{closure}(Object(Illuminate\\Http\\Request))
#39 /Users/arsandiwirapanorama/Downloads/Ven-Barbershop/vendor/laravel/framework/src/Illuminate/Foundation/Http/Kernel.php(175): Illuminate\\Pipeline\\Pipeline->then(Object(Closure))
#40 /Users/arsandiwirapanorama/Downloads/Ven-Barbershop/vendor/laravel/framework/src/Illuminate/Foundation/Http/Kernel.php(144): Illuminate\\Foundation\\Http\\Kernel->sendRequestThroughRouter(Object(Illuminate\\Http\\Request))
#41 /Users/arsandiwirapanorama/Downloads/Ven-Barbershop/public/index.php(51): Illuminate\\Foundation\\Http\\Kernel->handle(Object(Illuminate\\Http\\Request))
#42 /Users/arsandiwirapanorama/Downloads/Ven-Barbershop/vendor/laravel/framework/src/Illuminate/Foundation/resources/server.php(16): require_once('/Users/arsandiw...')
#43 {main}
"} 
[2025-06-14 20:06:15] local.ERROR: No application encryption key has been specified. {"exception":"[object] (Illuminate\\Encryption\\MissingAppKeyException(code: 0): No application encryption key has been specified. at /Users/arsandiwirapanorama/Downloads/Ven-Barbershop/vendor/laravel/framework/src/Illuminate/Encryption/EncryptionServiceProvider.php:79)
[stacktrace]
#0 /Users/arsandiwirapanorama/Downloads/Ven-Barbershop/vendor/laravel/framework/src/Illuminate/Support/helpers.php(320): Illuminate\\Encryption\\EncryptionServiceProvider->Illuminate\\Encryption\\{closure}('')
#1 /Users/arsandiwirapanorama/Downloads/Ven-Barbershop/vendor/laravel/framework/src/Illuminate/Encryption/EncryptionServiceProvider.php(77): tap('', Object(Closure))
#2 /Users/arsandiwirapanorama/Downloads/Ven-Barbershop/vendor/laravel/framework/src/Illuminate/Encryption/EncryptionServiceProvider.php(60): Illuminate\\Encryption\\EncryptionServiceProvider->key(Array)
#3 /Users/arsandiwirapanorama/Downloads/Ven-Barbershop/vendor/laravel/framework/src/Illuminate/Encryption/EncryptionServiceProvider.php(32): Illuminate\\Encryption\\EncryptionServiceProvider->parseKey(Array)
#4 /Users/arsandiwirapanorama/Downloads/Ven-Barbershop/vendor/laravel/framework/src/Illuminate/Container/Container.php(908): Illuminate\\Encryption\\EncryptionServiceProvider->Illuminate\\Encryption\\{closure}(Object(Illuminate\\Foundation\\Application), Array)
#5 /Users/arsandiwirapanorama/Downloads/Ven-Barbershop/vendor/laravel/framework/src/Illuminate/Container/Container.php(795): Illuminate\\Container\\Container->build(Object(Closure))
#6 /Users/arsandiwirapanorama/Downloads/Ven-Barbershop/vendor/laravel/framework/src/Illuminate/Foundation/Application.php(986): Illuminate\\Container\\Container->resolve('encrypter', Array, true)
#7 /Users/arsandiwirapanorama/Downloads/Ven-Barbershop/vendor/laravel/framework/src/Illuminate/Container/Container.php(731): Illuminate\\Foundation\\Application->resolve('encrypter', Array)
#8 /Users/arsandiwirapanorama/Downloads/Ven-Barbershop/vendor/laravel/framework/src/Illuminate/Foundation/Application.php(971): Illuminate\\Container\\Container->make('encrypter', Array)
#9 /Users/arsandiwirapanorama/Downloads/Ven-Barbershop/vendor/laravel/framework/src/Illuminate/Container/Container.php(1066): Illuminate\\Foundation\\Application->make('encrypter')
#10 /Users/arsandiwirapanorama/Downloads/Ven-Barbershop/vendor/laravel/framework/src/Illuminate/Container/Container.php(982): Illuminate\\Container\\Container->resolveClass(Object(ReflectionParameter))
#11 /Users/arsandiwirapanorama/Downloads/Ven-Barbershop/vendor/laravel/framework/src/Illuminate/Container/Container.php(943): Illuminate\\Container\\Container->resolveDependencies(Array)
#12 /Users/arsandiwirapanorama/Downloads/Ven-Barbershop/vendor/laravel/framework/src/Illuminate/Container/Container.php(795): Illuminate\\Container\\Container->build('App\\\\Http\\\\Middle...')
#13 /Users/arsandiwirapanorama/Downloads/Ven-Barbershop/vendor/laravel/framework/src/Illuminate/Foundation/Application.php(986): Illuminate\\Container\\Container->resolve('App\\\\Http\\\\Middle...', Array, true)
#14 /Users/arsandiwirapanorama/Downloads/Ven-Barbershop/vendor/laravel/framework/src/Illuminate/Container/Container.php(731): Illuminate\\Foundation\\Application->resolve('App\\\\Http\\\\Middle...', Array)
#15 /Users/arsandiwirapanorama/Downloads/Ven-Barbershop/vendor/laravel/framework/src/Illuminate/Foundation/Application.php(971): Illuminate\\Container\\Container->make('App\\\\Http\\\\Middle...', Array)
#16 /Users/arsandiwirapanorama/Downloads/Ven-Barbershop/vendor/laravel/framework/src/Illuminate/Foundation/Http/Kernel.php(255): Illuminate\\Foundation\\Application->make('App\\\\Http\\\\Middle...')
#17 /Users/arsandiwirapanorama/Downloads/Ven-Barbershop/vendor/laravel/framework/src/Illuminate/Foundation/Http/Kernel.php(213): Illuminate\\Foundation\\Http\\Kernel->terminateMiddleware(Object(Illuminate\\Http\\Request), Object(Illuminate\\Http\\Response))
#18 /Users/arsandiwirapanorama/Downloads/Ven-Barbershop/public/index.php(55): Illuminate\\Foundation\\Http\\Kernel->terminate(Object(Illuminate\\Http\\Request), Object(Illuminate\\Http\\Response))
#19 /Users/arsandiwirapanorama/Downloads/Ven-Barbershop/vendor/laravel/framework/src/Illuminate/Foundation/resources/server.php(16): require_once('/Users/arsandiw...')
#20 {main}
"} 
[2025-06-14 20:06:16] local.ERROR: No application encryption key has been specified. {"exception":"[object] (Illuminate\\Encryption\\MissingAppKeyException(code: 0): No application encryption key has been specified. at /Users/arsandiwirapanorama/Downloads/Ven-Barbershop/vendor/laravel/framework/src/Illuminate/Encryption/EncryptionServiceProvider.php:79)
[stacktrace]
#0 /Users/arsandiwirapanorama/Downloads/Ven-Barbershop/vendor/laravel/framework/src/Illuminate/Support/helpers.php(320): Illuminate\\Encryption\\EncryptionServiceProvider->Illuminate\\Encryption\\{closure}('')
#1 /Users/arsandiwirapanorama/Downloads/Ven-Barbershop/vendor/laravel/framework/src/Illuminate/Encryption/EncryptionServiceProvider.php(77): tap('', Object(Closure))
#2 /Users/arsandiwirapanorama/Downloads/Ven-Barbershop/vendor/laravel/framework/src/Illuminate/Encryption/EncryptionServiceProvider.php(60): Illuminate\\Encryption\\EncryptionServiceProvider->key(Array)
#3 /Users/arsandiwirapanorama/Downloads/Ven-Barbershop/vendor/laravel/framework/src/Illuminate/Encryption/EncryptionServiceProvider.php(32): Illuminate\\Encryption\\EncryptionServiceProvider->parseKey(Array)
#4 /Users/arsandiwirapanorama/Downloads/Ven-Barbershop/vendor/laravel/framework/src/Illuminate/Container/Container.php(908): Illuminate\\Encryption\\EncryptionServiceProvider->Illuminate\\Encryption\\{closure}(Object(Illuminate\\Foundation\\Application), Array)
#5 /Users/arsandiwirapanorama/Downloads/Ven-Barbershop/vendor/laravel/framework/src/Illuminate/Container/Container.php(795): Illuminate\\Container\\Container->build(Object(Closure))
#6 /Users/arsandiwirapanorama/Downloads/Ven-Barbershop/vendor/laravel/framework/src/Illuminate/Foundation/Application.php(986): Illuminate\\Container\\Container->resolve('encrypter', Array, true)
#7 /Users/arsandiwirapanorama/Downloads/Ven-Barbershop/vendor/laravel/framework/src/Illuminate/Container/Container.php(731): Illuminate\\Foundation\\Application->resolve('encrypter', Array)
#8 /Users/arsandiwirapanorama/Downloads/Ven-Barbershop/vendor/laravel/framework/src/Illuminate/Foundation/Application.php(971): Illuminate\\Container\\Container->make('encrypter', Array)
#9 /Users/arsandiwirapanorama/Downloads/Ven-Barbershop/vendor/laravel/framework/src/Illuminate/Container/Container.php(1066): Illuminate\\Foundation\\Application->make('encrypter')
#10 /Users/arsandiwirapanorama/Downloads/Ven-Barbershop/vendor/laravel/framework/src/Illuminate/Container/Container.php(982): Illuminate\\Container\\Container->resolveClass(Object(ReflectionParameter))
#11 /Users/arsandiwirapanorama/Downloads/Ven-Barbershop/vendor/laravel/framework/src/Illuminate/Container/Container.php(943): Illuminate\\Container\\Container->resolveDependencies(Array)
#12 /Users/arsandiwirapanorama/Downloads/Ven-Barbershop/vendor/laravel/framework/src/Illuminate/Container/Container.php(795): Illuminate\\Container\\Container->build('App\\\\Http\\\\Middle...')
#13 /Users/arsandiwirapanorama/Downloads/Ven-Barbershop/vendor/laravel/framework/src/Illuminate/Foundation/Application.php(986): Illuminate\\Container\\Container->resolve('App\\\\Http\\\\Middle...', Array, true)
#14 /Users/arsandiwirapanorama/Downloads/Ven-Barbershop/vendor/laravel/framework/src/Illuminate/Container/Container.php(731): Illuminate\\Foundation\\Application->resolve('App\\\\Http\\\\Middle...', Array)
#15 /Users/arsandiwirapanorama/Downloads/Ven-Barbershop/vendor/laravel/framework/src/Illuminate/Foundation/Application.php(971): Illuminate\\Container\\Container->make('App\\\\Http\\\\Middle...', Array)
#16 /Users/arsandiwirapanorama/Downloads/Ven-Barbershop/vendor/laravel/framework/src/Illuminate/Pipeline/Pipeline.php(172): Illuminate\\Foundation\\Application->make('App\\\\Http\\\\Middle...')
#17 /Users/arsandiwirapanorama/Downloads/Ven-Barbershop/vendor/laravel/framework/src/Illuminate/Pipeline/Pipeline.php(119): Illuminate\\Pipeline\\Pipeline->Illuminate\\Pipeline\\{closure}(Object(Illuminate\\Http\\Request))
#18 /Users/arsandiwirapanorama/Downloads/Ven-Barbershop/vendor/laravel/framework/src/Illuminate/Routing/Router.php(805): Illuminate\\Pipeline\\Pipeline->then(Object(Closure))
#19 /Users/arsandiwirapanorama/Downloads/Ven-Barbershop/vendor/laravel/framework/src/Illuminate/Routing/Router.php(784): Illuminate\\Routing\\Router->runRouteWithinStack(Object(Illuminate\\Routing\\Route), Object(Illuminate\\Http\\Request))
#20 /Users/arsandiwirapanorama/Downloads/Ven-Barbershop/vendor/laravel/framework/src/Illuminate/Routing/Router.php(748): Illuminate\\Routing\\Router->runRoute(Object(Illuminate\\Http\\Request), Object(Illuminate\\Routing\\Route))
#21 /Users/arsandiwirapanorama/Downloads/Ven-Barbershop/vendor/laravel/framework/src/Illuminate/Routing/Router.php(737): Illuminate\\Routing\\Router->dispatchToRoute(Object(Illuminate\\Http\\Request))
#22 /Users/arsandiwirapanorama/Downloads/Ven-Barbershop/vendor/laravel/framework/src/Illuminate/Foundation/Http/Kernel.php(200): Illuminate\\Routing\\Router->dispatch(Object(Illuminate\\Http\\Request))
#23 /Users/arsandiwirapanorama/Downloads/Ven-Barbershop/vendor/laravel/framework/src/Illuminate/Pipeline/Pipeline.php(144): Illuminate\\Foundation\\Http\\Kernel->Illuminate\\Foundation\\Http\\{closure}(Object(Illuminate\\Http\\Request))
#24 /Users/arsandiwirapanorama/Downloads/Ven-Barbershop/vendor/laravel/framework/src/Illuminate/Foundation/Http/Middleware/TransformsRequest.php(21): Illuminate\\Pipeline\\Pipeline->Illuminate\\Pipeline\\{closure}(Object(Illuminate\\Http\\Request))
#25 /Users/arsandiwirapanorama/Downloads/Ven-Barbershop/vendor/laravel/framework/src/Illuminate/Foundation/Http/Middleware/ConvertEmptyStringsToNull.php(31): Illuminate\\Foundation\\Http\\Middleware\\TransformsRequest->handle(Object(Illuminate\\Http\\Request), Object(Closure))
#26 /Users/arsandiwirapanorama/Downloads/Ven-Barbershop/vendor/laravel/framework/src/Illuminate/Pipeline/Pipeline.php(183): Illuminate\\Foundation\\Http\\Middleware\\ConvertEmptyStringsToNull->handle(Object(Illuminate\\Http\\Request), Object(Closure))
#27 /Users/arsandiwirapanorama/Downloads/Ven-Barbershop/vendor/laravel/framework/src/Illuminate/Foundation/Http/Middleware/TransformsRequest.php(21): Illuminate\\Pipeline\\Pipeline->Illuminate\\Pipeline\\{closure}(Object(Illuminate\\Http\\Request))
#28 /Users/arsandiwirapanorama/Downloads/Ven-Barbershop/vendor/laravel/framework/src/Illuminate/Foundation/Http/Middleware/TrimStrings.php(40): Illuminate\\Foundation\\Http\\Middleware\\TransformsRequest->handle(Object(Illuminate\\Http\\Request), Object(Closure))
#29 /Users/arsandiwirapanorama/Downloads/Ven-Barbershop/vendor/laravel/framework/src/Illuminate/Pipeline/Pipeline.php(183): Illuminate\\Foundation\\Http\\Middleware\\TrimStrings->handle(Object(Illuminate\\Http\\Request), Object(Closure))
#30 /Users/arsandiwirapanorama/Downloads/Ven-Barbershop/vendor/laravel/framework/src/Illuminate/Foundation/Http/Middleware/ValidatePostSize.php(27): Illuminate\\Pipeline\\Pipeline->Illuminate\\Pipeline\\{closure}(Object(Illuminate\\Http\\Request))
#31 /Users/arsandiwirapanorama/Downloads/Ven-Barbershop/vendor/laravel/framework/src/Illuminate/Pipeline/Pipeline.php(183): Illuminate\\Foundation\\Http\\Middleware\\ValidatePostSize->handle(Object(Illuminate\\Http\\Request), Object(Closure))
#32 /Users/arsandiwirapanorama/Downloads/Ven-Barbershop/vendor/laravel/framework/src/Illuminate/Foundation/Http/Middleware/PreventRequestsDuringMaintenance.php(99): Illuminate\\Pipeline\\Pipeline->Illuminate\\Pipeline\\{closure}(Object(Illuminate\\Http\\Request))
#33 /Users/arsandiwirapanorama/Downloads/Ven-Barbershop/vendor/laravel/framework/src/Illuminate/Pipeline/Pipeline.php(183): Illuminate\\Foundation\\Http\\Middleware\\PreventRequestsDuringMaintenance->handle(Object(Illuminate\\Http\\Request), Object(Closure))
#34 /Users/arsandiwirapanorama/Downloads/Ven-Barbershop/vendor/laravel/framework/src/Illuminate/Http/Middleware/HandleCors.php(49): Illuminate\\Pipeline\\Pipeline->Illuminate\\Pipeline\\{closure}(Object(Illuminate\\Http\\Request))
#35 /Users/arsandiwirapanorama/Downloads/Ven-Barbershop/vendor/laravel/framework/src/Illuminate/Pipeline/Pipeline.php(183): Illuminate\\Http\\Middleware\\HandleCors->handle(Object(Illuminate\\Http\\Request), Object(Closure))
#36 /Users/arsandiwirapanorama/Downloads/Ven-Barbershop/vendor/laravel/framework/src/Illuminate/Http/Middleware/TrustProxies.php(39): Illuminate\\Pipeline\\Pipeline->Illuminate\\Pipeline\\{closure}(Object(Illuminate\\Http\\Request))
#37 /Users/arsandiwirapanorama/Downloads/Ven-Barbershop/vendor/laravel/framework/src/Illuminate/Pipeline/Pipeline.php(183): Illuminate\\Http\\Middleware\\TrustProxies->handle(Object(Illuminate\\Http\\Request), Object(Closure))
#38 /Users/arsandiwirapanorama/Downloads/Ven-Barbershop/vendor/laravel/framework/src/Illuminate/Pipeline/Pipeline.php(119): Illuminate\\Pipeline\\Pipeline->Illuminate\\Pipeline\\{closure}(Object(Illuminate\\Http\\Request))
#39 /Users/arsandiwirapanorama/Downloads/Ven-Barbershop/vendor/laravel/framework/src/Illuminate/Foundation/Http/Kernel.php(175): Illuminate\\Pipeline\\Pipeline->then(Object(Closure))
#40 /Users/arsandiwirapanorama/Downloads/Ven-Barbershop/vendor/laravel/framework/src/Illuminate/Foundation/Http/Kernel.php(144): Illuminate\\Foundation\\Http\\Kernel->sendRequestThroughRouter(Object(Illuminate\\Http\\Request))
#41 /Users/arsandiwirapanorama/Downloads/Ven-Barbershop/public/index.php(51): Illuminate\\Foundation\\Http\\Kernel->handle(Object(Illuminate\\Http\\Request))
#42 /Users/arsandiwirapanorama/Downloads/Ven-Barbershop/vendor/laravel/framework/src/Illuminate/Foundation/resources/server.php(16): require_once('/Users/arsandiw...')
#43 {main}
"} 
[2025-06-14 20:06:16] local.ERROR: No application encryption key has been specified. {"exception":"[object] (Illuminate\\Encryption\\MissingAppKeyException(code: 0): No application encryption key has been specified. at /Users/arsandiwirapanorama/Downloads/Ven-Barbershop/vendor/laravel/framework/src/Illuminate/Encryption/EncryptionServiceProvider.php:79)
[stacktrace]
#0 /Users/arsandiwirapanorama/Downloads/Ven-Barbershop/vendor/laravel/framework/src/Illuminate/Support/helpers.php(320): Illuminate\\Encryption\\EncryptionServiceProvider->Illuminate\\Encryption\\{closure}('')
#1 /Users/arsandiwirapanorama/Downloads/Ven-Barbershop/vendor/laravel/framework/src/Illuminate/Encryption/EncryptionServiceProvider.php(77): tap('', Object(Closure))
#2 /Users/arsandiwirapanorama/Downloads/Ven-Barbershop/vendor/laravel/framework/src/Illuminate/Encryption/EncryptionServiceProvider.php(60): Illuminate\\Encryption\\EncryptionServiceProvider->key(Array)
#3 /Users/arsandiwirapanorama/Downloads/Ven-Barbershop/vendor/laravel/framework/src/Illuminate/Encryption/EncryptionServiceProvider.php(32): Illuminate\\Encryption\\EncryptionServiceProvider->parseKey(Array)
#4 /Users/arsandiwirapanorama/Downloads/Ven-Barbershop/vendor/laravel/framework/src/Illuminate/Container/Container.php(908): Illuminate\\Encryption\\EncryptionServiceProvider->Illuminate\\Encryption\\{closure}(Object(Illuminate\\Foundation\\Application), Array)
#5 /Users/arsandiwirapanorama/Downloads/Ven-Barbershop/vendor/laravel/framework/src/Illuminate/Container/Container.php(795): Illuminate\\Container\\Container->build(Object(Closure))
#6 /Users/arsandiwirapanorama/Downloads/Ven-Barbershop/vendor/laravel/framework/src/Illuminate/Foundation/Application.php(986): Illuminate\\Container\\Container->resolve('encrypter', Array, true)
#7 /Users/arsandiwirapanorama/Downloads/Ven-Barbershop/vendor/laravel/framework/src/Illuminate/Container/Container.php(731): Illuminate\\Foundation\\Application->resolve('encrypter', Array)
#8 /Users/arsandiwirapanorama/Downloads/Ven-Barbershop/vendor/laravel/framework/src/Illuminate/Foundation/Application.php(971): Illuminate\\Container\\Container->make('encrypter', Array)
#9 /Users/arsandiwirapanorama/Downloads/Ven-Barbershop/vendor/laravel/framework/src/Illuminate/Container/Container.php(1066): Illuminate\\Foundation\\Application->make('encrypter')
#10 /Users/arsandiwirapanorama/Downloads/Ven-Barbershop/vendor/laravel/framework/src/Illuminate/Container/Container.php(982): Illuminate\\Container\\Container->resolveClass(Object(ReflectionParameter))
#11 /Users/arsandiwirapanorama/Downloads/Ven-Barbershop/vendor/laravel/framework/src/Illuminate/Container/Container.php(943): Illuminate\\Container\\Container->resolveDependencies(Array)
#12 /Users/arsandiwirapanorama/Downloads/Ven-Barbershop/vendor/laravel/framework/src/Illuminate/Container/Container.php(795): Illuminate\\Container\\Container->build('App\\\\Http\\\\Middle...')
#13 /Users/arsandiwirapanorama/Downloads/Ven-Barbershop/vendor/laravel/framework/src/Illuminate/Foundation/Application.php(986): Illuminate\\Container\\Container->resolve('App\\\\Http\\\\Middle...', Array, true)
#14 /Users/arsandiwirapanorama/Downloads/Ven-Barbershop/vendor/laravel/framework/src/Illuminate/Container/Container.php(731): Illuminate\\Foundation\\Application->resolve('App\\\\Http\\\\Middle...', Array)
#15 /Users/arsandiwirapanorama/Downloads/Ven-Barbershop/vendor/laravel/framework/src/Illuminate/Foundation/Application.php(971): Illuminate\\Container\\Container->make('App\\\\Http\\\\Middle...', Array)
#16 /Users/arsandiwirapanorama/Downloads/Ven-Barbershop/vendor/laravel/framework/src/Illuminate/Foundation/Http/Kernel.php(255): Illuminate\\Foundation\\Application->make('App\\\\Http\\\\Middle...')
#17 /Users/arsandiwirapanorama/Downloads/Ven-Barbershop/vendor/laravel/framework/src/Illuminate/Foundation/Http/Kernel.php(213): Illuminate\\Foundation\\Http\\Kernel->terminateMiddleware(Object(Illuminate\\Http\\Request), Object(Illuminate\\Http\\Response))
#18 /Users/arsandiwirapanorama/Downloads/Ven-Barbershop/public/index.php(55): Illuminate\\Foundation\\Http\\Kernel->terminate(Object(Illuminate\\Http\\Request), Object(Illuminate\\Http\\Response))
#19 /Users/arsandiwirapanorama/Downloads/Ven-Barbershop/vendor/laravel/framework/src/Illuminate/Foundation/resources/server.php(16): require_once('/Users/arsandiw...')
#20 {main}
"} 
[2025-06-14 20:12:17] local.ERROR: You don't have an account registered on the database, please register your account first! {"exception":"[object] (App\\Exceptions\\CustomException(code: 0): You don't have an account registered on the database, please register your account first! at /Users/arsandiwirapanorama/Downloads/Ven-Barbershop/app/Http/Controllers/Api/UserController.php:80)
[stacktrace]
#0 /Users/arsandiwirapanorama/Downloads/Ven-Barbershop/vendor/laravel/framework/src/Illuminate/Routing/Controller.php(54): App\\Http\\Controllers\\Api\\UserController->login(Object(Illuminate\\Http\\Request))
#1 /Users/arsandiwirapanorama/Downloads/Ven-Barbershop/vendor/laravel/framework/src/Illuminate/Routing/ControllerDispatcher.php(43): Illuminate\\Routing\\Controller->callAction('login', Array)
#2 /Users/arsandiwirapanorama/Downloads/Ven-Barbershop/vendor/laravel/framework/src/Illuminate/Routing/Route.php(259): Illuminate\\Routing\\ControllerDispatcher->dispatch(Object(Illuminate\\Routing\\Route), Object(App\\Http\\Controllers\\Api\\UserController), 'login')
#3 /Users/arsandiwirapanorama/Downloads/Ven-Barbershop/vendor/laravel/framework/src/Illuminate/Routing/Route.php(205): Illuminate\\Routing\\Route->runController()
#4 /Users/arsandiwirapanorama/Downloads/Ven-Barbershop/vendor/laravel/framework/src/Illuminate/Routing/Router.php(806): Illuminate\\Routing\\Route->run()
#5 /Users/arsandiwirapanorama/Downloads/Ven-Barbershop/vendor/laravel/framework/src/Illuminate/Pipeline/Pipeline.php(144): Illuminate\\Routing\\Router->Illuminate\\Routing\\{closure}(Object(Illuminate\\Http\\Request))
#6 /Users/arsandiwirapanorama/Downloads/Ven-Barbershop/vendor/laravel/framework/src/Illuminate/Routing/Middleware/SubstituteBindings.php(50): Illuminate\\Pipeline\\Pipeline->Illuminate\\Pipeline\\{closure}(Object(Illuminate\\Http\\Request))
#7 /Users/arsandiwirapanorama/Downloads/Ven-Barbershop/vendor/laravel/framework/src/Illuminate/Pipeline/Pipeline.php(183): Illuminate\\Routing\\Middleware\\SubstituteBindings->handle(Object(Illuminate\\Http\\Request), Object(Closure))
#8 /Users/arsandiwirapanorama/Downloads/Ven-Barbershop/vendor/laravel/framework/src/Illuminate/Routing/Middleware/ThrottleRequests.php(159): Illuminate\\Pipeline\\Pipeline->Illuminate\\Pipeline\\{closure}(Object(Illuminate\\Http\\Request))
#9 /Users/arsandiwirapanorama/Downloads/Ven-Barbershop/vendor/laravel/framework/src/Illuminate/Routing/Middleware/ThrottleRequests.php(125): Illuminate\\Routing\\Middleware\\ThrottleRequests->handleRequest(Object(Illuminate\\Http\\Request), Object(Closure), Array)
#10 /Users/arsandiwirapanorama/Downloads/Ven-Barbershop/vendor/laravel/framework/src/Illuminate/Routing/Middleware/ThrottleRequests.php(87): Illuminate\\Routing\\Middleware\\ThrottleRequests->handleRequestUsingNamedLimiter(Object(Illuminate\\Http\\Request), Object(Closure), 'api', Object(Closure))
#11 /Users/arsandiwirapanorama/Downloads/Ven-Barbershop/vendor/laravel/framework/src/Illuminate/Pipeline/Pipeline.php(183): Illuminate\\Routing\\Middleware\\ThrottleRequests->handle(Object(Illuminate\\Http\\Request), Object(Closure), 'api')
#12 /Users/arsandiwirapanorama/Downloads/Ven-Barbershop/vendor/laravel/framework/src/Illuminate/Pipeline/Pipeline.php(119): Illuminate\\Pipeline\\Pipeline->Illuminate\\Pipeline\\{closure}(Object(Illuminate\\Http\\Request))
#13 /Users/arsandiwirapanorama/Downloads/Ven-Barbershop/vendor/laravel/framework/src/Illuminate/Routing/Router.php(805): Illuminate\\Pipeline\\Pipeline->then(Object(Closure))
#14 /Users/arsandiwirapanorama/Downloads/Ven-Barbershop/vendor/laravel/framework/src/Illuminate/Routing/Router.php(784): Illuminate\\Routing\\Router->runRouteWithinStack(Object(Illuminate\\Routing\\Route), Object(Illuminate\\Http\\Request))
#15 /Users/arsandiwirapanorama/Downloads/Ven-Barbershop/vendor/laravel/framework/src/Illuminate/Routing/Router.php(748): Illuminate\\Routing\\Router->runRoute(Object(Illuminate\\Http\\Request), Object(Illuminate\\Routing\\Route))
#16 /Users/arsandiwirapanorama/Downloads/Ven-Barbershop/vendor/laravel/framework/src/Illuminate/Routing/Router.php(737): Illuminate\\Routing\\Router->dispatchToRoute(Object(Illuminate\\Http\\Request))
#17 /Users/arsandiwirapanorama/Downloads/Ven-Barbershop/vendor/laravel/framework/src/Illuminate/Foundation/Http/Kernel.php(200): Illuminate\\Routing\\Router->dispatch(Object(Illuminate\\Http\\Request))
#18 /Users/arsandiwirapanorama/Downloads/Ven-Barbershop/vendor/laravel/framework/src/Illuminate/Pipeline/Pipeline.php(144): Illuminate\\Foundation\\Http\\Kernel->Illuminate\\Foundation\\Http\\{closure}(Object(Illuminate\\Http\\Request))
#19 /Users/arsandiwirapanorama/Downloads/Ven-Barbershop/vendor/laravel/framework/src/Illuminate/Foundation/Http/Middleware/TransformsRequest.php(21): Illuminate\\Pipeline\\Pipeline->Illuminate\\Pipeline\\{closure}(Object(Illuminate\\Http\\Request))
#20 /Users/arsandiwirapanorama/Downloads/Ven-Barbershop/vendor/laravel/framework/src/Illuminate/Foundation/Http/Middleware/ConvertEmptyStringsToNull.php(31): Illuminate\\Foundation\\Http\\Middleware\\TransformsRequest->handle(Object(Illuminate\\Http\\Request), Object(Closure))
#21 /Users/arsandiwirapanorama/Downloads/Ven-Barbershop/vendor/laravel/framework/src/Illuminate/Pipeline/Pipeline.php(183): Illuminate\\Foundation\\Http\\Middleware\\ConvertEmptyStringsToNull->handle(Object(Illuminate\\Http\\Request), Object(Closure))
#22 /Users/arsandiwirapanorama/Downloads/Ven-Barbershop/vendor/laravel/framework/src/Illuminate/Foundation/Http/Middleware/TransformsRequest.php(21): Illuminate\\Pipeline\\Pipeline->Illuminate\\Pipeline\\{closure}(Object(Illuminate\\Http\\Request))
#23 /Users/arsandiwirapanorama/Downloads/Ven-Barbershop/vendor/laravel/framework/src/Illuminate/Foundation/Http/Middleware/TrimStrings.php(40): Illuminate\\Foundation\\Http\\Middleware\\TransformsRequest->handle(Object(Illuminate\\Http\\Request), Object(Closure))
#24 /Users/arsandiwirapanorama/Downloads/Ven-Barbershop/vendor/laravel/framework/src/Illuminate/Pipeline/Pipeline.php(183): Illuminate\\Foundation\\Http\\Middleware\\TrimStrings->handle(Object(Illuminate\\Http\\Request), Object(Closure))
#25 /Users/arsandiwirapanorama/Downloads/Ven-Barbershop/vendor/laravel/framework/src/Illuminate/Foundation/Http/Middleware/ValidatePostSize.php(27): Illuminate\\Pipeline\\Pipeline->Illuminate\\Pipeline\\{closure}(Object(Illuminate\\Http\\Request))
#26 /Users/arsandiwirapanorama/Downloads/Ven-Barbershop/vendor/laravel/framework/src/Illuminate/Pipeline/Pipeline.php(183): Illuminate\\Foundation\\Http\\Middleware\\ValidatePostSize->handle(Object(Illuminate\\Http\\Request), Object(Closure))
#27 /Users/arsandiwirapanorama/Downloads/Ven-Barbershop/vendor/laravel/framework/src/Illuminate/Foundation/Http/Middleware/PreventRequestsDuringMaintenance.php(99): Illuminate\\Pipeline\\Pipeline->Illuminate\\Pipeline\\{closure}(Object(Illuminate\\Http\\Request))
#28 /Users/arsandiwirapanorama/Downloads/Ven-Barbershop/vendor/laravel/framework/src/Illuminate/Pipeline/Pipeline.php(183): Illuminate\\Foundation\\Http\\Middleware\\PreventRequestsDuringMaintenance->handle(Object(Illuminate\\Http\\Request), Object(Closure))
#29 /Users/arsandiwirapanorama/Downloads/Ven-Barbershop/vendor/laravel/framework/src/Illuminate/Http/Middleware/HandleCors.php(62): Illuminate\\Pipeline\\Pipeline->Illuminate\\Pipeline\\{closure}(Object(Illuminate\\Http\\Request))
#30 /Users/arsandiwirapanorama/Downloads/Ven-Barbershop/vendor/laravel/framework/src/Illuminate/Pipeline/Pipeline.php(183): Illuminate\\Http\\Middleware\\HandleCors->handle(Object(Illuminate\\Http\\Request), Object(Closure))
#31 /Users/arsandiwirapanorama/Downloads/Ven-Barbershop/vendor/laravel/framework/src/Illuminate/Http/Middleware/TrustProxies.php(39): Illuminate\\Pipeline\\Pipeline->Illuminate\\Pipeline\\{closure}(Object(Illuminate\\Http\\Request))
#32 /Users/arsandiwirapanorama/Downloads/Ven-Barbershop/vendor/laravel/framework/src/Illuminate/Pipeline/Pipeline.php(183): Illuminate\\Http\\Middleware\\TrustProxies->handle(Object(Illuminate\\Http\\Request), Object(Closure))
#33 /Users/arsandiwirapanorama/Downloads/Ven-Barbershop/vendor/laravel/framework/src/Illuminate/Pipeline/Pipeline.php(119): Illuminate\\Pipeline\\Pipeline->Illuminate\\Pipeline\\{closure}(Object(Illuminate\\Http\\Request))
#34 /Users/arsandiwirapanorama/Downloads/Ven-Barbershop/vendor/laravel/framework/src/Illuminate/Foundation/Http/Kernel.php(175): Illuminate\\Pipeline\\Pipeline->then(Object(Closure))
#35 /Users/arsandiwirapanorama/Downloads/Ven-Barbershop/vendor/laravel/framework/src/Illuminate/Foundation/Http/Kernel.php(144): Illuminate\\Foundation\\Http\\Kernel->sendRequestThroughRouter(Object(Illuminate\\Http\\Request))
#36 /Users/arsandiwirapanorama/Downloads/Ven-Barbershop/public/index.php(51): Illuminate\\Foundation\\Http\\Kernel->handle(Object(Illuminate\\Http\\Request))
#37 /Users/arsandiwirapanorama/Downloads/Ven-Barbershop/vendor/laravel/framework/src/Illuminate/Foundation/resources/server.php(16): require_once('/Users/arsandiw...')
#38 {main}
"} 
[2025-06-14 20:16:28] local.ERROR: You don't have an account registered on the database, please register your account first! {"exception":"[object] (App\\Exceptions\\CustomException(code: 0): You don't have an account registered on the database, please register your account first! at /Users/arsandiwirapanorama/Downloads/Ven-Barbershop/app/Http/Controllers/Api/UserController.php:80)
[stacktrace]
#0 /Users/arsandiwirapanorama/Downloads/Ven-Barbershop/vendor/laravel/framework/src/Illuminate/Routing/Controller.php(54): App\\Http\\Controllers\\Api\\UserController->login(Object(Illuminate\\Http\\Request))
#1 /Users/arsandiwirapanorama/Downloads/Ven-Barbershop/vendor/laravel/framework/src/Illuminate/Routing/ControllerDispatcher.php(43): Illuminate\\Routing\\Controller->callAction('login', Array)
#2 /Users/arsandiwirapanorama/Downloads/Ven-Barbershop/vendor/laravel/framework/src/Illuminate/Routing/Route.php(259): Illuminate\\Routing\\ControllerDispatcher->dispatch(Object(Illuminate\\Routing\\Route), Object(App\\Http\\Controllers\\Api\\UserController), 'login')
#3 /Users/arsandiwirapanorama/Downloads/Ven-Barbershop/vendor/laravel/framework/src/Illuminate/Routing/Route.php(205): Illuminate\\Routing\\Route->runController()
#4 /Users/arsandiwirapanorama/Downloads/Ven-Barbershop/vendor/laravel/framework/src/Illuminate/Routing/Router.php(806): Illuminate\\Routing\\Route->run()
#5 /Users/arsandiwirapanorama/Downloads/Ven-Barbershop/vendor/laravel/framework/src/Illuminate/Pipeline/Pipeline.php(144): Illuminate\\Routing\\Router->Illuminate\\Routing\\{closure}(Object(Illuminate\\Http\\Request))
#6 /Users/arsandiwirapanorama/Downloads/Ven-Barbershop/vendor/laravel/framework/src/Illuminate/Routing/Middleware/SubstituteBindings.php(50): Illuminate\\Pipeline\\Pipeline->Illuminate\\Pipeline\\{closure}(Object(Illuminate\\Http\\Request))
#7 /Users/arsandiwirapanorama/Downloads/Ven-Barbershop/vendor/laravel/framework/src/Illuminate/Pipeline/Pipeline.php(183): Illuminate\\Routing\\Middleware\\SubstituteBindings->handle(Object(Illuminate\\Http\\Request), Object(Closure))
#8 /Users/arsandiwirapanorama/Downloads/Ven-Barbershop/vendor/laravel/framework/src/Illuminate/Routing/Middleware/ThrottleRequests.php(159): Illuminate\\Pipeline\\Pipeline->Illuminate\\Pipeline\\{closure}(Object(Illuminate\\Http\\Request))
#9 /Users/arsandiwirapanorama/Downloads/Ven-Barbershop/vendor/laravel/framework/src/Illuminate/Routing/Middleware/ThrottleRequests.php(125): Illuminate\\Routing\\Middleware\\ThrottleRequests->handleRequest(Object(Illuminate\\Http\\Request), Object(Closure), Array)
#10 /Users/arsandiwirapanorama/Downloads/Ven-Barbershop/vendor/laravel/framework/src/Illuminate/Routing/Middleware/ThrottleRequests.php(87): Illuminate\\Routing\\Middleware\\ThrottleRequests->handleRequestUsingNamedLimiter(Object(Illuminate\\Http\\Request), Object(Closure), 'api', Object(Closure))
#11 /Users/arsandiwirapanorama/Downloads/Ven-Barbershop/vendor/laravel/framework/src/Illuminate/Pipeline/Pipeline.php(183): Illuminate\\Routing\\Middleware\\ThrottleRequests->handle(Object(Illuminate\\Http\\Request), Object(Closure), 'api')
#12 /Users/arsandiwirapanorama/Downloads/Ven-Barbershop/vendor/laravel/framework/src/Illuminate/Pipeline/Pipeline.php(119): Illuminate\\Pipeline\\Pipeline->Illuminate\\Pipeline\\{closure}(Object(Illuminate\\Http\\Request))
#13 /Users/arsandiwirapanorama/Downloads/Ven-Barbershop/vendor/laravel/framework/src/Illuminate/Routing/Router.php(805): Illuminate\\Pipeline\\Pipeline->then(Object(Closure))
#14 /Users/arsandiwirapanorama/Downloads/Ven-Barbershop/vendor/laravel/framework/src/Illuminate/Routing/Router.php(784): Illuminate\\Routing\\Router->runRouteWithinStack(Object(Illuminate\\Routing\\Route), Object(Illuminate\\Http\\Request))
#15 /Users/arsandiwirapanorama/Downloads/Ven-Barbershop/vendor/laravel/framework/src/Illuminate/Routing/Router.php(748): Illuminate\\Routing\\Router->runRoute(Object(Illuminate\\Http\\Request), Object(Illuminate\\Routing\\Route))
#16 /Users/arsandiwirapanorama/Downloads/Ven-Barbershop/vendor/laravel/framework/src/Illuminate/Routing/Router.php(737): Illuminate\\Routing\\Router->dispatchToRoute(Object(Illuminate\\Http\\Request))
#17 /Users/arsandiwirapanorama/Downloads/Ven-Barbershop/vendor/laravel/framework/src/Illuminate/Foundation/Http/Kernel.php(200): Illuminate\\Routing\\Router->dispatch(Object(Illuminate\\Http\\Request))
#18 /Users/arsandiwirapanorama/Downloads/Ven-Barbershop/vendor/laravel/framework/src/Illuminate/Pipeline/Pipeline.php(144): Illuminate\\Foundation\\Http\\Kernel->Illuminate\\Foundation\\Http\\{closure}(Object(Illuminate\\Http\\Request))
#19 /Users/arsandiwirapanorama/Downloads/Ven-Barbershop/vendor/laravel/framework/src/Illuminate/Foundation/Http/Middleware/TransformsRequest.php(21): Illuminate\\Pipeline\\Pipeline->Illuminate\\Pipeline\\{closure}(Object(Illuminate\\Http\\Request))
#20 /Users/arsandiwirapanorama/Downloads/Ven-Barbershop/vendor/laravel/framework/src/Illuminate/Foundation/Http/Middleware/ConvertEmptyStringsToNull.php(31): Illuminate\\Foundation\\Http\\Middleware\\TransformsRequest->handle(Object(Illuminate\\Http\\Request), Object(Closure))
#21 /Users/arsandiwirapanorama/Downloads/Ven-Barbershop/vendor/laravel/framework/src/Illuminate/Pipeline/Pipeline.php(183): Illuminate\\Foundation\\Http\\Middleware\\ConvertEmptyStringsToNull->handle(Object(Illuminate\\Http\\Request), Object(Closure))
#22 /Users/arsandiwirapanorama/Downloads/Ven-Barbershop/vendor/laravel/framework/src/Illuminate/Foundation/Http/Middleware/TransformsRequest.php(21): Illuminate\\Pipeline\\Pipeline->Illuminate\\Pipeline\\{closure}(Object(Illuminate\\Http\\Request))
#23 /Users/arsandiwirapanorama/Downloads/Ven-Barbershop/vendor/laravel/framework/src/Illuminate/Foundation/Http/Middleware/TrimStrings.php(40): Illuminate\\Foundation\\Http\\Middleware\\TransformsRequest->handle(Object(Illuminate\\Http\\Request), Object(Closure))
#24 /Users/arsandiwirapanorama/Downloads/Ven-Barbershop/vendor/laravel/framework/src/Illuminate/Pipeline/Pipeline.php(183): Illuminate\\Foundation\\Http\\Middleware\\TrimStrings->handle(Object(Illuminate\\Http\\Request), Object(Closure))
#25 /Users/arsandiwirapanorama/Downloads/Ven-Barbershop/vendor/laravel/framework/src/Illuminate/Foundation/Http/Middleware/ValidatePostSize.php(27): Illuminate\\Pipeline\\Pipeline->Illuminate\\Pipeline\\{closure}(Object(Illuminate\\Http\\Request))
#26 /Users/arsandiwirapanorama/Downloads/Ven-Barbershop/vendor/laravel/framework/src/Illuminate/Pipeline/Pipeline.php(183): Illuminate\\Foundation\\Http\\Middleware\\ValidatePostSize->handle(Object(Illuminate\\Http\\Request), Object(Closure))
#27 /Users/arsandiwirapanorama/Downloads/Ven-Barbershop/vendor/laravel/framework/src/Illuminate/Foundation/Http/Middleware/PreventRequestsDuringMaintenance.php(99): Illuminate\\Pipeline\\Pipeline->Illuminate\\Pipeline\\{closure}(Object(Illuminate\\Http\\Request))
#28 /Users/arsandiwirapanorama/Downloads/Ven-Barbershop/vendor/laravel/framework/src/Illuminate/Pipeline/Pipeline.php(183): Illuminate\\Foundation\\Http\\Middleware\\PreventRequestsDuringMaintenance->handle(Object(Illuminate\\Http\\Request), Object(Closure))
#29 /Users/arsandiwirapanorama/Downloads/Ven-Barbershop/vendor/laravel/framework/src/Illuminate/Http/Middleware/HandleCors.php(62): Illuminate\\Pipeline\\Pipeline->Illuminate\\Pipeline\\{closure}(Object(Illuminate\\Http\\Request))
#30 /Users/arsandiwirapanorama/Downloads/Ven-Barbershop/vendor/laravel/framework/src/Illuminate/Pipeline/Pipeline.php(183): Illuminate\\Http\\Middleware\\HandleCors->handle(Object(Illuminate\\Http\\Request), Object(Closure))
#31 /Users/arsandiwirapanorama/Downloads/Ven-Barbershop/vendor/laravel/framework/src/Illuminate/Http/Middleware/TrustProxies.php(39): Illuminate\\Pipeline\\Pipeline->Illuminate\\Pipeline\\{closure}(Object(Illuminate\\Http\\Request))
#32 /Users/arsandiwirapanorama/Downloads/Ven-Barbershop/vendor/laravel/framework/src/Illuminate/Pipeline/Pipeline.php(183): Illuminate\\Http\\Middleware\\TrustProxies->handle(Object(Illuminate\\Http\\Request), Object(Closure))
#33 /Users/arsandiwirapanorama/Downloads/Ven-Barbershop/vendor/laravel/framework/src/Illuminate/Pipeline/Pipeline.php(119): Illuminate\\Pipeline\\Pipeline->Illuminate\\Pipeline\\{closure}(Object(Illuminate\\Http\\Request))
#34 /Users/arsandiwirapanorama/Downloads/Ven-Barbershop/vendor/laravel/framework/src/Illuminate/Foundation/Http/Kernel.php(175): Illuminate\\Pipeline\\Pipeline->then(Object(Closure))
#35 /Users/arsandiwirapanorama/Downloads/Ven-Barbershop/vendor/laravel/framework/src/Illuminate/Foundation/Http/Kernel.php(144): Illuminate\\Foundation\\Http\\Kernel->sendRequestThroughRouter(Object(Illuminate\\Http\\Request))
#36 /Users/arsandiwirapanorama/Downloads/Ven-Barbershop/public/index.php(51): Illuminate\\Foundation\\Http\\Kernel->handle(Object(Illuminate\\Http\\Request))
#37 /Users/arsandiwirapanorama/Downloads/Ven-Barbershop/vendor/laravel/framework/src/Illuminate/Foundation/resources/server.php(16): require_once('/Users/arsandiw...')
#38 {main}
"} 
[2025-06-14 20:20:31] local.ERROR: You don't have an account registered on the database, please register your account first! {"exception":"[object] (App\\Exceptions\\CustomException(code: 0): You don't have an account registered on the database, please register your account first! at /Users/arsandiwirapanorama/Downloads/Ven-Barbershop/app/Http/Controllers/Api/UserController.php:80)
[stacktrace]
#0 /Users/arsandiwirapanorama/Downloads/Ven-Barbershop/vendor/laravel/framework/src/Illuminate/Routing/Controller.php(54): App\\Http\\Controllers\\Api\\UserController->login(Object(Illuminate\\Http\\Request))
#1 /Users/arsandiwirapanorama/Downloads/Ven-Barbershop/vendor/laravel/framework/src/Illuminate/Routing/ControllerDispatcher.php(43): Illuminate\\Routing\\Controller->callAction('login', Array)
#2 /Users/arsandiwirapanorama/Downloads/Ven-Barbershop/vendor/laravel/framework/src/Illuminate/Routing/Route.php(259): Illuminate\\Routing\\ControllerDispatcher->dispatch(Object(Illuminate\\Routing\\Route), Object(App\\Http\\Controllers\\Api\\UserController), 'login')
#3 /Users/arsandiwirapanorama/Downloads/Ven-Barbershop/vendor/laravel/framework/src/Illuminate/Routing/Route.php(205): Illuminate\\Routing\\Route->runController()
#4 /Users/arsandiwirapanorama/Downloads/Ven-Barbershop/vendor/laravel/framework/src/Illuminate/Routing/Router.php(806): Illuminate\\Routing\\Route->run()
#5 /Users/arsandiwirapanorama/Downloads/Ven-Barbershop/vendor/laravel/framework/src/Illuminate/Pipeline/Pipeline.php(144): Illuminate\\Routing\\Router->Illuminate\\Routing\\{closure}(Object(Illuminate\\Http\\Request))
#6 /Users/arsandiwirapanorama/Downloads/Ven-Barbershop/vendor/laravel/framework/src/Illuminate/Routing/Middleware/SubstituteBindings.php(50): Illuminate\\Pipeline\\Pipeline->Illuminate\\Pipeline\\{closure}(Object(Illuminate\\Http\\Request))
#7 /Users/arsandiwirapanorama/Downloads/Ven-Barbershop/vendor/laravel/framework/src/Illuminate/Pipeline/Pipeline.php(183): Illuminate\\Routing\\Middleware\\SubstituteBindings->handle(Object(Illuminate\\Http\\Request), Object(Closure))
#8 /Users/arsandiwirapanorama/Downloads/Ven-Barbershop/vendor/laravel/framework/src/Illuminate/Routing/Middleware/ThrottleRequests.php(159): Illuminate\\Pipeline\\Pipeline->Illuminate\\Pipeline\\{closure}(Object(Illuminate\\Http\\Request))
#9 /Users/arsandiwirapanorama/Downloads/Ven-Barbershop/vendor/laravel/framework/src/Illuminate/Routing/Middleware/ThrottleRequests.php(125): Illuminate\\Routing\\Middleware\\ThrottleRequests->handleRequest(Object(Illuminate\\Http\\Request), Object(Closure), Array)
#10 /Users/arsandiwirapanorama/Downloads/Ven-Barbershop/vendor/laravel/framework/src/Illuminate/Routing/Middleware/ThrottleRequests.php(87): Illuminate\\Routing\\Middleware\\ThrottleRequests->handleRequestUsingNamedLimiter(Object(Illuminate\\Http\\Request), Object(Closure), 'api', Object(Closure))
#11 /Users/arsandiwirapanorama/Downloads/Ven-Barbershop/vendor/laravel/framework/src/Illuminate/Pipeline/Pipeline.php(183): Illuminate\\Routing\\Middleware\\ThrottleRequests->handle(Object(Illuminate\\Http\\Request), Object(Closure), 'api')
#12 /Users/arsandiwirapanorama/Downloads/Ven-Barbershop/vendor/laravel/framework/src/Illuminate/Pipeline/Pipeline.php(119): Illuminate\\Pipeline\\Pipeline->Illuminate\\Pipeline\\{closure}(Object(Illuminate\\Http\\Request))
#13 /Users/arsandiwirapanorama/Downloads/Ven-Barbershop/vendor/laravel/framework/src/Illuminate/Routing/Router.php(805): Illuminate\\Pipeline\\Pipeline->then(Object(Closure))
#14 /Users/arsandiwirapanorama/Downloads/Ven-Barbershop/vendor/laravel/framework/src/Illuminate/Routing/Router.php(784): Illuminate\\Routing\\Router->runRouteWithinStack(Object(Illuminate\\Routing\\Route), Object(Illuminate\\Http\\Request))
#15 /Users/arsandiwirapanorama/Downloads/Ven-Barbershop/vendor/laravel/framework/src/Illuminate/Routing/Router.php(748): Illuminate\\Routing\\Router->runRoute(Object(Illuminate\\Http\\Request), Object(Illuminate\\Routing\\Route))
#16 /Users/arsandiwirapanorama/Downloads/Ven-Barbershop/vendor/laravel/framework/src/Illuminate/Routing/Router.php(737): Illuminate\\Routing\\Router->dispatchToRoute(Object(Illuminate\\Http\\Request))
#17 /Users/arsandiwirapanorama/Downloads/Ven-Barbershop/vendor/laravel/framework/src/Illuminate/Foundation/Http/Kernel.php(200): Illuminate\\Routing\\Router->dispatch(Object(Illuminate\\Http\\Request))
#18 /Users/arsandiwirapanorama/Downloads/Ven-Barbershop/vendor/laravel/framework/src/Illuminate/Pipeline/Pipeline.php(144): Illuminate\\Foundation\\Http\\Kernel->Illuminate\\Foundation\\Http\\{closure}(Object(Illuminate\\Http\\Request))
#19 /Users/arsandiwirapanorama/Downloads/Ven-Barbershop/vendor/laravel/framework/src/Illuminate/Foundation/Http/Middleware/TransformsRequest.php(21): Illuminate\\Pipeline\\Pipeline->Illuminate\\Pipeline\\{closure}(Object(Illuminate\\Http\\Request))
#20 /Users/arsandiwirapanorama/Downloads/Ven-Barbershop/vendor/laravel/framework/src/Illuminate/Foundation/Http/Middleware/ConvertEmptyStringsToNull.php(31): Illuminate\\Foundation\\Http\\Middleware\\TransformsRequest->handle(Object(Illuminate\\Http\\Request), Object(Closure))
#21 /Users/arsandiwirapanorama/Downloads/Ven-Barbershop/vendor/laravel/framework/src/Illuminate/Pipeline/Pipeline.php(183): Illuminate\\Foundation\\Http\\Middleware\\ConvertEmptyStringsToNull->handle(Object(Illuminate\\Http\\Request), Object(Closure))
#22 /Users/arsandiwirapanorama/Downloads/Ven-Barbershop/vendor/laravel/framework/src/Illuminate/Foundation/Http/Middleware/TransformsRequest.php(21): Illuminate\\Pipeline\\Pipeline->Illuminate\\Pipeline\\{closure}(Object(Illuminate\\Http\\Request))
#23 /Users/arsandiwirapanorama/Downloads/Ven-Barbershop/vendor/laravel/framework/src/Illuminate/Foundation/Http/Middleware/TrimStrings.php(40): Illuminate\\Foundation\\Http\\Middleware\\TransformsRequest->handle(Object(Illuminate\\Http\\Request), Object(Closure))
#24 /Users/arsandiwirapanorama/Downloads/Ven-Barbershop/vendor/laravel/framework/src/Illuminate/Pipeline/Pipeline.php(183): Illuminate\\Foundation\\Http\\Middleware\\TrimStrings->handle(Object(Illuminate\\Http\\Request), Object(Closure))
#25 /Users/arsandiwirapanorama/Downloads/Ven-Barbershop/vendor/laravel/framework/src/Illuminate/Foundation/Http/Middleware/ValidatePostSize.php(27): Illuminate\\Pipeline\\Pipeline->Illuminate\\Pipeline\\{closure}(Object(Illuminate\\Http\\Request))
#26 /Users/arsandiwirapanorama/Downloads/Ven-Barbershop/vendor/laravel/framework/src/Illuminate/Pipeline/Pipeline.php(183): Illuminate\\Foundation\\Http\\Middleware\\ValidatePostSize->handle(Object(Illuminate\\Http\\Request), Object(Closure))
#27 /Users/arsandiwirapanorama/Downloads/Ven-Barbershop/vendor/laravel/framework/src/Illuminate/Foundation/Http/Middleware/PreventRequestsDuringMaintenance.php(99): Illuminate\\Pipeline\\Pipeline->Illuminate\\Pipeline\\{closure}(Object(Illuminate\\Http\\Request))
#28 /Users/arsandiwirapanorama/Downloads/Ven-Barbershop/vendor/laravel/framework/src/Illuminate/Pipeline/Pipeline.php(183): Illuminate\\Foundation\\Http\\Middleware\\PreventRequestsDuringMaintenance->handle(Object(Illuminate\\Http\\Request), Object(Closure))
#29 /Users/arsandiwirapanorama/Downloads/Ven-Barbershop/vendor/laravel/framework/src/Illuminate/Http/Middleware/HandleCors.php(62): Illuminate\\Pipeline\\Pipeline->Illuminate\\Pipeline\\{closure}(Object(Illuminate\\Http\\Request))
#30 /Users/arsandiwirapanorama/Downloads/Ven-Barbershop/vendor/laravel/framework/src/Illuminate/Pipeline/Pipeline.php(183): Illuminate\\Http\\Middleware\\HandleCors->handle(Object(Illuminate\\Http\\Request), Object(Closure))
#31 /Users/arsandiwirapanorama/Downloads/Ven-Barbershop/vendor/laravel/framework/src/Illuminate/Http/Middleware/TrustProxies.php(39): Illuminate\\Pipeline\\Pipeline->Illuminate\\Pipeline\\{closure}(Object(Illuminate\\Http\\Request))
#32 /Users/arsandiwirapanorama/Downloads/Ven-Barbershop/vendor/laravel/framework/src/Illuminate/Pipeline/Pipeline.php(183): Illuminate\\Http\\Middleware\\TrustProxies->handle(Object(Illuminate\\Http\\Request), Object(Closure))
#33 /Users/arsandiwirapanorama/Downloads/Ven-Barbershop/vendor/laravel/framework/src/Illuminate/Pipeline/Pipeline.php(119): Illuminate\\Pipeline\\Pipeline->Illuminate\\Pipeline\\{closure}(Object(Illuminate\\Http\\Request))
#34 /Users/arsandiwirapanorama/Downloads/Ven-Barbershop/vendor/laravel/framework/src/Illuminate/Foundation/Http/Kernel.php(175): Illuminate\\Pipeline\\Pipeline->then(Object(Closure))
#35 /Users/arsandiwirapanorama/Downloads/Ven-Barbershop/vendor/laravel/framework/src/Illuminate/Foundation/Http/Kernel.php(144): Illuminate\\Foundation\\Http\\Kernel->sendRequestThroughRouter(Object(Illuminate\\Http\\Request))
#36 /Users/arsandiwirapanorama/Downloads/Ven-Barbershop/public/index.php(51): Illuminate\\Foundation\\Http\\Kernel->handle(Object(Illuminate\\Http\\Request))
#37 /Users/arsandiwirapanorama/Downloads/Ven-Barbershop/vendor/laravel/framework/src/Illuminate/Foundation/resources/server.php(16): require_once('/Users/arsandiw...')
#38 {main}
"} 
[2025-06-14 20:21:01] local.ERROR: You don't have an account registered on the database, please register your account first! {"exception":"[object] (App\\Exceptions\\CustomException(code: 0): You don't have an account registered on the database, please register your account first! at /Users/arsandiwirapanorama/Downloads/Ven-Barbershop/app/Http/Controllers/Api/UserController.php:80)
[stacktrace]
#0 /Users/arsandiwirapanorama/Downloads/Ven-Barbershop/vendor/laravel/framework/src/Illuminate/Routing/Controller.php(54): App\\Http\\Controllers\\Api\\UserController->login(Object(Illuminate\\Http\\Request))
#1 /Users/arsandiwirapanorama/Downloads/Ven-Barbershop/vendor/laravel/framework/src/Illuminate/Routing/ControllerDispatcher.php(43): Illuminate\\Routing\\Controller->callAction('login', Array)
#2 /Users/arsandiwirapanorama/Downloads/Ven-Barbershop/vendor/laravel/framework/src/Illuminate/Routing/Route.php(259): Illuminate\\Routing\\ControllerDispatcher->dispatch(Object(Illuminate\\Routing\\Route), Object(App\\Http\\Controllers\\Api\\UserController), 'login')
#3 /Users/arsandiwirapanorama/Downloads/Ven-Barbershop/vendor/laravel/framework/src/Illuminate/Routing/Route.php(205): Illuminate\\Routing\\Route->runController()
#4 /Users/arsandiwirapanorama/Downloads/Ven-Barbershop/vendor/laravel/framework/src/Illuminate/Routing/Router.php(806): Illuminate\\Routing\\Route->run()
#5 /Users/arsandiwirapanorama/Downloads/Ven-Barbershop/vendor/laravel/framework/src/Illuminate/Pipeline/Pipeline.php(144): Illuminate\\Routing\\Router->Illuminate\\Routing\\{closure}(Object(Illuminate\\Http\\Request))
#6 /Users/arsandiwirapanorama/Downloads/Ven-Barbershop/vendor/laravel/framework/src/Illuminate/Routing/Middleware/SubstituteBindings.php(50): Illuminate\\Pipeline\\Pipeline->Illuminate\\Pipeline\\{closure}(Object(Illuminate\\Http\\Request))
#7 /Users/arsandiwirapanorama/Downloads/Ven-Barbershop/vendor/laravel/framework/src/Illuminate/Pipeline/Pipeline.php(183): Illuminate\\Routing\\Middleware\\SubstituteBindings->handle(Object(Illuminate\\Http\\Request), Object(Closure))
#8 /Users/arsandiwirapanorama/Downloads/Ven-Barbershop/vendor/laravel/framework/src/Illuminate/Routing/Middleware/ThrottleRequests.php(159): Illuminate\\Pipeline\\Pipeline->Illuminate\\Pipeline\\{closure}(Object(Illuminate\\Http\\Request))
#9 /Users/arsandiwirapanorama/Downloads/Ven-Barbershop/vendor/laravel/framework/src/Illuminate/Routing/Middleware/ThrottleRequests.php(125): Illuminate\\Routing\\Middleware\\ThrottleRequests->handleRequest(Object(Illuminate\\Http\\Request), Object(Closure), Array)
#10 /Users/arsandiwirapanorama/Downloads/Ven-Barbershop/vendor/laravel/framework/src/Illuminate/Routing/Middleware/ThrottleRequests.php(87): Illuminate\\Routing\\Middleware\\ThrottleRequests->handleRequestUsingNamedLimiter(Object(Illuminate\\Http\\Request), Object(Closure), 'api', Object(Closure))
#11 /Users/arsandiwirapanorama/Downloads/Ven-Barbershop/vendor/laravel/framework/src/Illuminate/Pipeline/Pipeline.php(183): Illuminate\\Routing\\Middleware\\ThrottleRequests->handle(Object(Illuminate\\Http\\Request), Object(Closure), 'api')
#12 /Users/arsandiwirapanorama/Downloads/Ven-Barbershop/vendor/laravel/framework/src/Illuminate/Pipeline/Pipeline.php(119): Illuminate\\Pipeline\\Pipeline->Illuminate\\Pipeline\\{closure}(Object(Illuminate\\Http\\Request))
#13 /Users/arsandiwirapanorama/Downloads/Ven-Barbershop/vendor/laravel/framework/src/Illuminate/Routing/Router.php(805): Illuminate\\Pipeline\\Pipeline->then(Object(Closure))
#14 /Users/arsandiwirapanorama/Downloads/Ven-Barbershop/vendor/laravel/framework/src/Illuminate/Routing/Router.php(784): Illuminate\\Routing\\Router->runRouteWithinStack(Object(Illuminate\\Routing\\Route), Object(Illuminate\\Http\\Request))
#15 /Users/arsandiwirapanorama/Downloads/Ven-Barbershop/vendor/laravel/framework/src/Illuminate/Routing/Router.php(748): Illuminate\\Routing\\Router->runRoute(Object(Illuminate\\Http\\Request), Object(Illuminate\\Routing\\Route))
#16 /Users/arsandiwirapanorama/Downloads/Ven-Barbershop/vendor/laravel/framework/src/Illuminate/Routing/Router.php(737): Illuminate\\Routing\\Router->dispatchToRoute(Object(Illuminate\\Http\\Request))
#17 /Users/arsandiwirapanorama/Downloads/Ven-Barbershop/vendor/laravel/framework/src/Illuminate/Foundation/Http/Kernel.php(200): Illuminate\\Routing\\Router->dispatch(Object(Illuminate\\Http\\Request))
#18 /Users/arsandiwirapanorama/Downloads/Ven-Barbershop/vendor/laravel/framework/src/Illuminate/Pipeline/Pipeline.php(144): Illuminate\\Foundation\\Http\\Kernel->Illuminate\\Foundation\\Http\\{closure}(Object(Illuminate\\Http\\Request))
#19 /Users/arsandiwirapanorama/Downloads/Ven-Barbershop/vendor/laravel/framework/src/Illuminate/Foundation/Http/Middleware/TransformsRequest.php(21): Illuminate\\Pipeline\\Pipeline->Illuminate\\Pipeline\\{closure}(Object(Illuminate\\Http\\Request))
#20 /Users/arsandiwirapanorama/Downloads/Ven-Barbershop/vendor/laravel/framework/src/Illuminate/Foundation/Http/Middleware/ConvertEmptyStringsToNull.php(31): Illuminate\\Foundation\\Http\\Middleware\\TransformsRequest->handle(Object(Illuminate\\Http\\Request), Object(Closure))
#21 /Users/arsandiwirapanorama/Downloads/Ven-Barbershop/vendor/laravel/framework/src/Illuminate/Pipeline/Pipeline.php(183): Illuminate\\Foundation\\Http\\Middleware\\ConvertEmptyStringsToNull->handle(Object(Illuminate\\Http\\Request), Object(Closure))
#22 /Users/arsandiwirapanorama/Downloads/Ven-Barbershop/vendor/laravel/framework/src/Illuminate/Foundation/Http/Middleware/TransformsRequest.php(21): Illuminate\\Pipeline\\Pipeline->Illuminate\\Pipeline\\{closure}(Object(Illuminate\\Http\\Request))
#23 /Users/arsandiwirapanorama/Downloads/Ven-Barbershop/vendor/laravel/framework/src/Illuminate/Foundation/Http/Middleware/TrimStrings.php(40): Illuminate\\Foundation\\Http\\Middleware\\TransformsRequest->handle(Object(Illuminate\\Http\\Request), Object(Closure))
#24 /Users/arsandiwirapanorama/Downloads/Ven-Barbershop/vendor/laravel/framework/src/Illuminate/Pipeline/Pipeline.php(183): Illuminate\\Foundation\\Http\\Middleware\\TrimStrings->handle(Object(Illuminate\\Http\\Request), Object(Closure))
#25 /Users/arsandiwirapanorama/Downloads/Ven-Barbershop/vendor/laravel/framework/src/Illuminate/Foundation/Http/Middleware/ValidatePostSize.php(27): Illuminate\\Pipeline\\Pipeline->Illuminate\\Pipeline\\{closure}(Object(Illuminate\\Http\\Request))
#26 /Users/arsandiwirapanorama/Downloads/Ven-Barbershop/vendor/laravel/framework/src/Illuminate/Pipeline/Pipeline.php(183): Illuminate\\Foundation\\Http\\Middleware\\ValidatePostSize->handle(Object(Illuminate\\Http\\Request), Object(Closure))
#27 /Users/arsandiwirapanorama/Downloads/Ven-Barbershop/vendor/laravel/framework/src/Illuminate/Foundation/Http/Middleware/PreventRequestsDuringMaintenance.php(99): Illuminate\\Pipeline\\Pipeline->Illuminate\\Pipeline\\{closure}(Object(Illuminate\\Http\\Request))
#28 /Users/arsandiwirapanorama/Downloads/Ven-Barbershop/vendor/laravel/framework/src/Illuminate/Pipeline/Pipeline.php(183): Illuminate\\Foundation\\Http\\Middleware\\PreventRequestsDuringMaintenance->handle(Object(Illuminate\\Http\\Request), Object(Closure))
#29 /Users/arsandiwirapanorama/Downloads/Ven-Barbershop/vendor/laravel/framework/src/Illuminate/Http/Middleware/HandleCors.php(62): Illuminate\\Pipeline\\Pipeline->Illuminate\\Pipeline\\{closure}(Object(Illuminate\\Http\\Request))
#30 /Users/arsandiwirapanorama/Downloads/Ven-Barbershop/vendor/laravel/framework/src/Illuminate/Pipeline/Pipeline.php(183): Illuminate\\Http\\Middleware\\HandleCors->handle(Object(Illuminate\\Http\\Request), Object(Closure))
#31 /Users/arsandiwirapanorama/Downloads/Ven-Barbershop/vendor/laravel/framework/src/Illuminate/Http/Middleware/TrustProxies.php(39): Illuminate\\Pipeline\\Pipeline->Illuminate\\Pipeline\\{closure}(Object(Illuminate\\Http\\Request))
#32 /Users/arsandiwirapanorama/Downloads/Ven-Barbershop/vendor/laravel/framework/src/Illuminate/Pipeline/Pipeline.php(183): Illuminate\\Http\\Middleware\\TrustProxies->handle(Object(Illuminate\\Http\\Request), Object(Closure))
#33 /Users/arsandiwirapanorama/Downloads/Ven-Barbershop/vendor/laravel/framework/src/Illuminate/Pipeline/Pipeline.php(119): Illuminate\\Pipeline\\Pipeline->Illuminate\\Pipeline\\{closure}(Object(Illuminate\\Http\\Request))
#34 /Users/arsandiwirapanorama/Downloads/Ven-Barbershop/vendor/laravel/framework/src/Illuminate/Foundation/Http/Kernel.php(175): Illuminate\\Pipeline\\Pipeline->then(Object(Closure))
#35 /Users/arsandiwirapanorama/Downloads/Ven-Barbershop/vendor/laravel/framework/src/Illuminate/Foundation/Http/Kernel.php(144): Illuminate\\Foundation\\Http\\Kernel->sendRequestThroughRouter(Object(Illuminate\\Http\\Request))
#36 /Users/arsandiwirapanorama/Downloads/Ven-Barbershop/public/index.php(51): Illuminate\\Foundation\\Http\\Kernel->handle(Object(Illuminate\\Http\\Request))
#37 /Users/arsandiwirapanorama/Downloads/Ven-Barbershop/vendor/laravel/framework/src/Illuminate/Foundation/resources/server.php(16): require_once('/Users/arsandiw...')
#38 {main}
"} 
[2025-06-19 15:58:19] local.ERROR: Class "CreateReservationServicesTable" not found {"exception":"[object] (Error(code: 0): Class \"CreateReservationServicesTable\" not found at /Users/arsandiwirapanorama/Downloads/Ven-Barbershop/vendor/laravel/framework/src/Illuminate/Database/Migrations/Migrator.php:542)
[stacktrace]
#0 /Users/arsandiwirapanorama/Downloads/Ven-Barbershop/vendor/laravel/framework/src/Illuminate/Database/Migrations/Migrator.php(216): Illuminate\\Database\\Migrations\\Migrator->resolvePath('/Users/arsandiw...')
#1 /Users/arsandiwirapanorama/Downloads/Ven-Barbershop/vendor/laravel/framework/src/Illuminate/Database/Migrations/Migrator.php(189): Illuminate\\Database\\Migrations\\Migrator->runUp('/Users/arsandiw...', 1, false)
#2 /Users/arsandiwirapanorama/Downloads/Ven-Barbershop/vendor/laravel/framework/src/Illuminate/Database/Migrations/Migrator.php(132): Illuminate\\Database\\Migrations\\Migrator->runPending(Array, Array)
#3 /Users/arsandiwirapanorama/Downloads/Ven-Barbershop/vendor/laravel/framework/src/Illuminate/Database/Console/Migrations/MigrateCommand.php(90): Illuminate\\Database\\Migrations\\Migrator->run(Array, Array)
#4 /Users/arsandiwirapanorama/Downloads/Ven-Barbershop/vendor/laravel/framework/src/Illuminate/Database/Migrations/Migrator.php(641): Illuminate\\Database\\Console\\Migrations\\MigrateCommand->Illuminate\\Database\\Console\\Migrations\\{closure}()
#5 /Users/arsandiwirapanorama/Downloads/Ven-Barbershop/vendor/laravel/framework/src/Illuminate/Database/Console/Migrations/MigrateCommand.php(83): Illuminate\\Database\\Migrations\\Migrator->usingConnection(NULL, Object(Closure))
#6 /Users/arsandiwirapanorama/Downloads/Ven-Barbershop/vendor/laravel/framework/src/Illuminate/Container/BoundMethod.php(36): Illuminate\\Database\\Console\\Migrations\\MigrateCommand->handle()
#7 /Users/arsandiwirapanorama/Downloads/Ven-Barbershop/vendor/laravel/framework/src/Illuminate/Container/Util.php(41): Illuminate\\Container\\BoundMethod::Illuminate\\Container\\{closure}()
#8 /Users/arsandiwirapanorama/Downloads/Ven-Barbershop/vendor/laravel/framework/src/Illuminate/Container/BoundMethod.php(93): Illuminate\\Container\\Util::unwrapIfClosure(Object(Closure))
#9 /Users/arsandiwirapanorama/Downloads/Ven-Barbershop/vendor/laravel/framework/src/Illuminate/Container/BoundMethod.php(35): Illuminate\\Container\\BoundMethod::callBoundMethod(Object(Illuminate\\Foundation\\Application), Array, Object(Closure))
#10 /Users/arsandiwirapanorama/Downloads/Ven-Barbershop/vendor/laravel/framework/src/Illuminate/Container/Container.php(662): Illuminate\\Container\\BoundMethod::call(Object(Illuminate\\Foundation\\Application), Array, Array, NULL)
#11 /Users/arsandiwirapanorama/Downloads/Ven-Barbershop/vendor/laravel/framework/src/Illuminate/Console/Command.php(211): Illuminate\\Container\\Container->call(Array)
#12 /Users/arsandiwirapanorama/Downloads/Ven-Barbershop/vendor/symfony/console/Command/Command.php(326): Illuminate\\Console\\Command->execute(Object(Symfony\\Component\\Console\\Input\\ArgvInput), Object(Illuminate\\Console\\OutputStyle))
#13 /Users/arsandiwirapanorama/Downloads/Ven-Barbershop/vendor/laravel/framework/src/Illuminate/Console/Command.php(180): Symfony\\Component\\Console\\Command\\Command->run(Object(Symfony\\Component\\Console\\Input\\ArgvInput), Object(Illuminate\\Console\\OutputStyle))
#14 /Users/arsandiwirapanorama/Downloads/Ven-Barbershop/vendor/symfony/console/Application.php(1096): Illuminate\\Console\\Command->run(Object(Symfony\\Component\\Console\\Input\\ArgvInput), Object(Symfony\\Component\\Console\\Output\\ConsoleOutput))
#15 /Users/arsandiwirapanorama/Downloads/Ven-Barbershop/vendor/symfony/console/Application.php(324): Symfony\\Component\\Console\\Application->doRunCommand(Object(Illuminate\\Database\\Console\\Migrations\\MigrateCommand), Object(Symfony\\Component\\Console\\Input\\ArgvInput), Object(Symfony\\Component\\Console\\Output\\ConsoleOutput))
#16 /Users/arsandiwirapanorama/Downloads/Ven-Barbershop/vendor/symfony/console/Application.php(175): Symfony\\Component\\Console\\Application->doRun(Object(Symfony\\Component\\Console\\Input\\ArgvInput), Object(Symfony\\Component\\Console\\Output\\ConsoleOutput))
#17 /Users/arsandiwirapanorama/Downloads/Ven-Barbershop/vendor/laravel/framework/src/Illuminate/Foundation/Console/Kernel.php(201): Symfony\\Component\\Console\\Application->run(Object(Symfony\\Component\\Console\\Input\\ArgvInput), Object(Symfony\\Component\\Console\\Output\\ConsoleOutput))
#18 /Users/arsandiwirapanorama/Downloads/Ven-Barbershop/artisan(35): Illuminate\\Foundation\\Console\\Kernel->handle(Object(Symfony\\Component\\Console\\Input\\ArgvInput), Object(Symfony\\Component\\Console\\Output\\ConsoleOutput))
#19 {main}
"} 
[2025-06-19 16:22:46] local.ERROR: Cannot access offset of type string on string {"exception":"[object] (TypeError(code: 0): Cannot access offset of type string on string at /Users/arsandiwirapanorama/Downloads/Ven-Barbershop/app/Services/ReservationService.php:193)
[stacktrace]
#0 /Users/arsandiwirapanorama/Downloads/Ven-Barbershop/app/Services/ReservationService.php(79): App\\Services\\ReservationService->validateBarberAvailability(1, '2025-06-19', '17:00', Array)
#1 /Users/arsandiwirapanorama/Downloads/Ven-Barbershop/vendor/laravel/framework/src/Illuminate/Database/Concerns/ManagesTransactions.php(30): App\\Services\\ReservationService->App\\Services\\{closure}(Object(Illuminate\\Database\\MySqlConnection))
#2 /Users/arsandiwirapanorama/Downloads/Ven-Barbershop/vendor/laravel/framework/src/Illuminate/Database/DatabaseManager.php(509): Illuminate\\Database\\Connection->transaction(Object(Closure))
#3 /Users/arsandiwirapanorama/Downloads/Ven-Barbershop/vendor/laravel/framework/src/Illuminate/Support/Facades/Facade.php(355): Illuminate\\Database\\DatabaseManager->__call('transaction', Array)
#4 /Users/arsandiwirapanorama/Downloads/Ven-Barbershop/app/Services/ReservationService.php(77): Illuminate\\Support\\Facades\\Facade::__callStatic('transaction', Array)
#5 /Users/arsandiwirapanorama/Downloads/Ven-Barbershop/app/Http/Controllers/Api/ReservationController.php(52): App\\Services\\ReservationService->create(Array)
#6 /Users/arsandiwirapanorama/Downloads/Ven-Barbershop/vendor/laravel/framework/src/Illuminate/Routing/Controller.php(54): App\\Http\\Controllers\\Api\\ReservationController->store(Object(Illuminate\\Http\\Request))
#7 /Users/arsandiwirapanorama/Downloads/Ven-Barbershop/vendor/laravel/framework/src/Illuminate/Routing/ControllerDispatcher.php(43): Illuminate\\Routing\\Controller->callAction('store', Array)
#8 /Users/arsandiwirapanorama/Downloads/Ven-Barbershop/vendor/laravel/framework/src/Illuminate/Routing/Route.php(259): Illuminate\\Routing\\ControllerDispatcher->dispatch(Object(Illuminate\\Routing\\Route), Object(App\\Http\\Controllers\\Api\\ReservationController), 'store')
#9 /Users/arsandiwirapanorama/Downloads/Ven-Barbershop/vendor/laravel/framework/src/Illuminate/Routing/Route.php(205): Illuminate\\Routing\\Route->runController()
#10 /Users/arsandiwirapanorama/Downloads/Ven-Barbershop/vendor/laravel/framework/src/Illuminate/Routing/Router.php(806): Illuminate\\Routing\\Route->run()
#11 /Users/arsandiwirapanorama/Downloads/Ven-Barbershop/vendor/laravel/framework/src/Illuminate/Pipeline/Pipeline.php(144): Illuminate\\Routing\\Router->Illuminate\\Routing\\{closure}(Object(Illuminate\\Http\\Request))
#12 /Users/arsandiwirapanorama/Downloads/Ven-Barbershop/vendor/laravel/framework/src/Illuminate/Routing/Middleware/SubstituteBindings.php(50): Illuminate\\Pipeline\\Pipeline->Illuminate\\Pipeline\\{closure}(Object(Illuminate\\Http\\Request))
#13 /Users/arsandiwirapanorama/Downloads/Ven-Barbershop/vendor/laravel/framework/src/Illuminate/Pipeline/Pipeline.php(183): Illuminate\\Routing\\Middleware\\SubstituteBindings->handle(Object(Illuminate\\Http\\Request), Object(Closure))
#14 /Users/arsandiwirapanorama/Downloads/Ven-Barbershop/vendor/laravel/framework/src/Illuminate/Routing/Middleware/ThrottleRequests.php(159): Illuminate\\Pipeline\\Pipeline->Illuminate\\Pipeline\\{closure}(Object(Illuminate\\Http\\Request))
#15 /Users/arsandiwirapanorama/Downloads/Ven-Barbershop/vendor/laravel/framework/src/Illuminate/Routing/Middleware/ThrottleRequests.php(125): Illuminate\\Routing\\Middleware\\ThrottleRequests->handleRequest(Object(Illuminate\\Http\\Request), Object(Closure), Array)
#16 /Users/arsandiwirapanorama/Downloads/Ven-Barbershop/vendor/laravel/framework/src/Illuminate/Routing/Middleware/ThrottleRequests.php(87): Illuminate\\Routing\\Middleware\\ThrottleRequests->handleRequestUsingNamedLimiter(Object(Illuminate\\Http\\Request), Object(Closure), 'api', Object(Closure))
#17 /Users/arsandiwirapanorama/Downloads/Ven-Barbershop/vendor/laravel/framework/src/Illuminate/Pipeline/Pipeline.php(183): Illuminate\\Routing\\Middleware\\ThrottleRequests->handle(Object(Illuminate\\Http\\Request), Object(Closure), 'api')
#18 /Users/arsandiwirapanorama/Downloads/Ven-Barbershop/vendor/laravel/framework/src/Illuminate/Pipeline/Pipeline.php(119): Illuminate\\Pipeline\\Pipeline->Illuminate\\Pipeline\\{closure}(Object(Illuminate\\Http\\Request))
#19 /Users/arsandiwirapanorama/Downloads/Ven-Barbershop/vendor/laravel/framework/src/Illuminate/Routing/Router.php(805): Illuminate\\Pipeline\\Pipeline->then(Object(Closure))
#20 /Users/arsandiwirapanorama/Downloads/Ven-Barbershop/vendor/laravel/framework/src/Illuminate/Routing/Router.php(784): Illuminate\\Routing\\Router->runRouteWithinStack(Object(Illuminate\\Routing\\Route), Object(Illuminate\\Http\\Request))
#21 /Users/arsandiwirapanorama/Downloads/Ven-Barbershop/vendor/laravel/framework/src/Illuminate/Routing/Router.php(748): Illuminate\\Routing\\Router->runRoute(Object(Illuminate\\Http\\Request), Object(Illuminate\\Routing\\Route))
#22 /Users/arsandiwirapanorama/Downloads/Ven-Barbershop/vendor/laravel/framework/src/Illuminate/Routing/Router.php(737): Illuminate\\Routing\\Router->dispatchToRoute(Object(Illuminate\\Http\\Request))
#23 /Users/arsandiwirapanorama/Downloads/Ven-Barbershop/vendor/laravel/framework/src/Illuminate/Foundation/Http/Kernel.php(200): Illuminate\\Routing\\Router->dispatch(Object(Illuminate\\Http\\Request))
#24 /Users/arsandiwirapanorama/Downloads/Ven-Barbershop/vendor/laravel/framework/src/Illuminate/Pipeline/Pipeline.php(144): Illuminate\\Foundation\\Http\\Kernel->Illuminate\\Foundation\\Http\\{closure}(Object(Illuminate\\Http\\Request))
#25 /Users/arsandiwirapanorama/Downloads/Ven-Barbershop/vendor/laravel/framework/src/Illuminate/Foundation/Http/Middleware/TransformsRequest.php(21): Illuminate\\Pipeline\\Pipeline->Illuminate\\Pipeline\\{closure}(Object(Illuminate\\Http\\Request))
#26 /Users/arsandiwirapanorama/Downloads/Ven-Barbershop/vendor/laravel/framework/src/Illuminate/Foundation/Http/Middleware/ConvertEmptyStringsToNull.php(31): Illuminate\\Foundation\\Http\\Middleware\\TransformsRequest->handle(Object(Illuminate\\Http\\Request), Object(Closure))
#27 /Users/arsandiwirapanorama/Downloads/Ven-Barbershop/vendor/laravel/framework/src/Illuminate/Pipeline/Pipeline.php(183): Illuminate\\Foundation\\Http\\Middleware\\ConvertEmptyStringsToNull->handle(Object(Illuminate\\Http\\Request), Object(Closure))
#28 /Users/arsandiwirapanorama/Downloads/Ven-Barbershop/vendor/laravel/framework/src/Illuminate/Foundation/Http/Middleware/TransformsRequest.php(21): Illuminate\\Pipeline\\Pipeline->Illuminate\\Pipeline\\{closure}(Object(Illuminate\\Http\\Request))
#29 /Users/arsandiwirapanorama/Downloads/Ven-Barbershop/vendor/laravel/framework/src/Illuminate/Foundation/Http/Middleware/TrimStrings.php(40): Illuminate\\Foundation\\Http\\Middleware\\TransformsRequest->handle(Object(Illuminate\\Http\\Request), Object(Closure))
#30 /Users/arsandiwirapanorama/Downloads/Ven-Barbershop/vendor/laravel/framework/src/Illuminate/Pipeline/Pipeline.php(183): Illuminate\\Foundation\\Http\\Middleware\\TrimStrings->handle(Object(Illuminate\\Http\\Request), Object(Closure))
#31 /Users/arsandiwirapanorama/Downloads/Ven-Barbershop/vendor/laravel/framework/src/Illuminate/Foundation/Http/Middleware/ValidatePostSize.php(27): Illuminate\\Pipeline\\Pipeline->Illuminate\\Pipeline\\{closure}(Object(Illuminate\\Http\\Request))
#32 /Users/arsandiwirapanorama/Downloads/Ven-Barbershop/vendor/laravel/framework/src/Illuminate/Pipeline/Pipeline.php(183): Illuminate\\Foundation\\Http\\Middleware\\ValidatePostSize->handle(Object(Illuminate\\Http\\Request), Object(Closure))
#33 /Users/arsandiwirapanorama/Downloads/Ven-Barbershop/vendor/laravel/framework/src/Illuminate/Foundation/Http/Middleware/PreventRequestsDuringMaintenance.php(99): Illuminate\\Pipeline\\Pipeline->Illuminate\\Pipeline\\{closure}(Object(Illuminate\\Http\\Request))
#34 /Users/arsandiwirapanorama/Downloads/Ven-Barbershop/vendor/laravel/framework/src/Illuminate/Pipeline/Pipeline.php(183): Illuminate\\Foundation\\Http\\Middleware\\PreventRequestsDuringMaintenance->handle(Object(Illuminate\\Http\\Request), Object(Closure))
#35 /Users/arsandiwirapanorama/Downloads/Ven-Barbershop/vendor/laravel/framework/src/Illuminate/Http/Middleware/HandleCors.php(62): Illuminate\\Pipeline\\Pipeline->Illuminate\\Pipeline\\{closure}(Object(Illuminate\\Http\\Request))
#36 /Users/arsandiwirapanorama/Downloads/Ven-Barbershop/vendor/laravel/framework/src/Illuminate/Pipeline/Pipeline.php(183): Illuminate\\Http\\Middleware\\HandleCors->handle(Object(Illuminate\\Http\\Request), Object(Closure))
#37 /Users/arsandiwirapanorama/Downloads/Ven-Barbershop/vendor/laravel/framework/src/Illuminate/Http/Middleware/TrustProxies.php(39): Illuminate\\Pipeline\\Pipeline->Illuminate\\Pipeline\\{closure}(Object(Illuminate\\Http\\Request))
#38 /Users/arsandiwirapanorama/Downloads/Ven-Barbershop/vendor/laravel/framework/src/Illuminate/Pipeline/Pipeline.php(183): Illuminate\\Http\\Middleware\\TrustProxies->handle(Object(Illuminate\\Http\\Request), Object(Closure))
#39 /Users/arsandiwirapanorama/Downloads/Ven-Barbershop/vendor/laravel/framework/src/Illuminate/Pipeline/Pipeline.php(119): Illuminate\\Pipeline\\Pipeline->Illuminate\\Pipeline\\{closure}(Object(Illuminate\\Http\\Request))
#40 /Users/arsandiwirapanorama/Downloads/Ven-Barbershop/vendor/laravel/framework/src/Illuminate/Foundation/Http/Kernel.php(175): Illuminate\\Pipeline\\Pipeline->then(Object(Closure))
#41 /Users/arsandiwirapanorama/Downloads/Ven-Barbershop/vendor/laravel/framework/src/Illuminate/Foundation/Http/Kernel.php(144): Illuminate\\Foundation\\Http\\Kernel->sendRequestThroughRouter(Object(Illuminate\\Http\\Request))
#42 /Users/arsandiwirapanorama/Downloads/Ven-Barbershop/public/index.php(51): Illuminate\\Foundation\\Http\\Kernel->handle(Object(Illuminate\\Http\\Request))
#43 /Users/arsandiwirapanorama/Downloads/Ven-Barbershop/vendor/laravel/framework/src/Illuminate/Foundation/resources/server.php(16): require_once('/Users/arsandiw...')
#44 {main}
"} 
[2025-06-19 16:23:42] local.ERROR: Cannot access offset of type string on string {"exception":"[object] (TypeError(code: 0): Cannot access offset of type string on string at /Users/arsandiwirapanorama/Downloads/Ven-Barbershop/app/Services/ReservationService.php:193)
[stacktrace]
#0 /Users/arsandiwirapanorama/Downloads/Ven-Barbershop/app/Services/ReservationService.php(79): App\\Services\\ReservationService->validateBarberAvailability(1, '2025-06-20', '09:00', Array)
#1 /Users/arsandiwirapanorama/Downloads/Ven-Barbershop/vendor/laravel/framework/src/Illuminate/Database/Concerns/ManagesTransactions.php(30): App\\Services\\ReservationService->App\\Services\\{closure}(Object(Illuminate\\Database\\MySqlConnection))
#2 /Users/arsandiwirapanorama/Downloads/Ven-Barbershop/vendor/laravel/framework/src/Illuminate/Database/DatabaseManager.php(509): Illuminate\\Database\\Connection->transaction(Object(Closure))
#3 /Users/arsandiwirapanorama/Downloads/Ven-Barbershop/vendor/laravel/framework/src/Illuminate/Support/Facades/Facade.php(355): Illuminate\\Database\\DatabaseManager->__call('transaction', Array)
#4 /Users/arsandiwirapanorama/Downloads/Ven-Barbershop/app/Services/ReservationService.php(77): Illuminate\\Support\\Facades\\Facade::__callStatic('transaction', Array)
#5 /Users/arsandiwirapanorama/Downloads/Ven-Barbershop/app/Http/Controllers/Api/ReservationController.php(52): App\\Services\\ReservationService->create(Array)
#6 /Users/arsandiwirapanorama/Downloads/Ven-Barbershop/vendor/laravel/framework/src/Illuminate/Routing/Controller.php(54): App\\Http\\Controllers\\Api\\ReservationController->store(Object(Illuminate\\Http\\Request))
#7 /Users/arsandiwirapanorama/Downloads/Ven-Barbershop/vendor/laravel/framework/src/Illuminate/Routing/ControllerDispatcher.php(43): Illuminate\\Routing\\Controller->callAction('store', Array)
#8 /Users/arsandiwirapanorama/Downloads/Ven-Barbershop/vendor/laravel/framework/src/Illuminate/Routing/Route.php(259): Illuminate\\Routing\\ControllerDispatcher->dispatch(Object(Illuminate\\Routing\\Route), Object(App\\Http\\Controllers\\Api\\ReservationController), 'store')
#9 /Users/arsandiwirapanorama/Downloads/Ven-Barbershop/vendor/laravel/framework/src/Illuminate/Routing/Route.php(205): Illuminate\\Routing\\Route->runController()
#10 /Users/arsandiwirapanorama/Downloads/Ven-Barbershop/vendor/laravel/framework/src/Illuminate/Routing/Router.php(806): Illuminate\\Routing\\Route->run()
#11 /Users/arsandiwirapanorama/Downloads/Ven-Barbershop/vendor/laravel/framework/src/Illuminate/Pipeline/Pipeline.php(144): Illuminate\\Routing\\Router->Illuminate\\Routing\\{closure}(Object(Illuminate\\Http\\Request))
#12 /Users/arsandiwirapanorama/Downloads/Ven-Barbershop/vendor/laravel/framework/src/Illuminate/Routing/Middleware/SubstituteBindings.php(50): Illuminate\\Pipeline\\Pipeline->Illuminate\\Pipeline\\{closure}(Object(Illuminate\\Http\\Request))
#13 /Users/arsandiwirapanorama/Downloads/Ven-Barbershop/vendor/laravel/framework/src/Illuminate/Pipeline/Pipeline.php(183): Illuminate\\Routing\\Middleware\\SubstituteBindings->handle(Object(Illuminate\\Http\\Request), Object(Closure))
#14 /Users/arsandiwirapanorama/Downloads/Ven-Barbershop/vendor/laravel/framework/src/Illuminate/Routing/Middleware/ThrottleRequests.php(159): Illuminate\\Pipeline\\Pipeline->Illuminate\\Pipeline\\{closure}(Object(Illuminate\\Http\\Request))
#15 /Users/arsandiwirapanorama/Downloads/Ven-Barbershop/vendor/laravel/framework/src/Illuminate/Routing/Middleware/ThrottleRequests.php(125): Illuminate\\Routing\\Middleware\\ThrottleRequests->handleRequest(Object(Illuminate\\Http\\Request), Object(Closure), Array)
#16 /Users/arsandiwirapanorama/Downloads/Ven-Barbershop/vendor/laravel/framework/src/Illuminate/Routing/Middleware/ThrottleRequests.php(87): Illuminate\\Routing\\Middleware\\ThrottleRequests->handleRequestUsingNamedLimiter(Object(Illuminate\\Http\\Request), Object(Closure), 'api', Object(Closure))
#17 /Users/arsandiwirapanorama/Downloads/Ven-Barbershop/vendor/laravel/framework/src/Illuminate/Pipeline/Pipeline.php(183): Illuminate\\Routing\\Middleware\\ThrottleRequests->handle(Object(Illuminate\\Http\\Request), Object(Closure), 'api')
#18 /Users/arsandiwirapanorama/Downloads/Ven-Barbershop/vendor/laravel/framework/src/Illuminate/Pipeline/Pipeline.php(119): Illuminate\\Pipeline\\Pipeline->Illuminate\\Pipeline\\{closure}(Object(Illuminate\\Http\\Request))
#19 /Users/arsandiwirapanorama/Downloads/Ven-Barbershop/vendor/laravel/framework/src/Illuminate/Routing/Router.php(805): Illuminate\\Pipeline\\Pipeline->then(Object(Closure))
#20 /Users/arsandiwirapanorama/Downloads/Ven-Barbershop/vendor/laravel/framework/src/Illuminate/Routing/Router.php(784): Illuminate\\Routing\\Router->runRouteWithinStack(Object(Illuminate\\Routing\\Route), Object(Illuminate\\Http\\Request))
#21 /Users/arsandiwirapanorama/Downloads/Ven-Barbershop/vendor/laravel/framework/src/Illuminate/Routing/Router.php(748): Illuminate\\Routing\\Router->runRoute(Object(Illuminate\\Http\\Request), Object(Illuminate\\Routing\\Route))
#22 /Users/arsandiwirapanorama/Downloads/Ven-Barbershop/vendor/laravel/framework/src/Illuminate/Routing/Router.php(737): Illuminate\\Routing\\Router->dispatchToRoute(Object(Illuminate\\Http\\Request))
#23 /Users/arsandiwirapanorama/Downloads/Ven-Barbershop/vendor/laravel/framework/src/Illuminate/Foundation/Http/Kernel.php(200): Illuminate\\Routing\\Router->dispatch(Object(Illuminate\\Http\\Request))
#24 /Users/arsandiwirapanorama/Downloads/Ven-Barbershop/vendor/laravel/framework/src/Illuminate/Pipeline/Pipeline.php(144): Illuminate\\Foundation\\Http\\Kernel->Illuminate\\Foundation\\Http\\{closure}(Object(Illuminate\\Http\\Request))
#25 /Users/arsandiwirapanorama/Downloads/Ven-Barbershop/vendor/laravel/framework/src/Illuminate/Foundation/Http/Middleware/TransformsRequest.php(21): Illuminate\\Pipeline\\Pipeline->Illuminate\\Pipeline\\{closure}(Object(Illuminate\\Http\\Request))
#26 /Users/arsandiwirapanorama/Downloads/Ven-Barbershop/vendor/laravel/framework/src/Illuminate/Foundation/Http/Middleware/ConvertEmptyStringsToNull.php(31): Illuminate\\Foundation\\Http\\Middleware\\TransformsRequest->handle(Object(Illuminate\\Http\\Request), Object(Closure))
#27 /Users/arsandiwirapanorama/Downloads/Ven-Barbershop/vendor/laravel/framework/src/Illuminate/Pipeline/Pipeline.php(183): Illuminate\\Foundation\\Http\\Middleware\\ConvertEmptyStringsToNull->handle(Object(Illuminate\\Http\\Request), Object(Closure))
#28 /Users/arsandiwirapanorama/Downloads/Ven-Barbershop/vendor/laravel/framework/src/Illuminate/Foundation/Http/Middleware/TransformsRequest.php(21): Illuminate\\Pipeline\\Pipeline->Illuminate\\Pipeline\\{closure}(Object(Illuminate\\Http\\Request))
#29 /Users/arsandiwirapanorama/Downloads/Ven-Barbershop/vendor/laravel/framework/src/Illuminate/Foundation/Http/Middleware/TrimStrings.php(40): Illuminate\\Foundation\\Http\\Middleware\\TransformsRequest->handle(Object(Illuminate\\Http\\Request), Object(Closure))
#30 /Users/arsandiwirapanorama/Downloads/Ven-Barbershop/vendor/laravel/framework/src/Illuminate/Pipeline/Pipeline.php(183): Illuminate\\Foundation\\Http\\Middleware\\TrimStrings->handle(Object(Illuminate\\Http\\Request), Object(Closure))
#31 /Users/arsandiwirapanorama/Downloads/Ven-Barbershop/vendor/laravel/framework/src/Illuminate/Foundation/Http/Middleware/ValidatePostSize.php(27): Illuminate\\Pipeline\\Pipeline->Illuminate\\Pipeline\\{closure}(Object(Illuminate\\Http\\Request))
#32 /Users/arsandiwirapanorama/Downloads/Ven-Barbershop/vendor/laravel/framework/src/Illuminate/Pipeline/Pipeline.php(183): Illuminate\\Foundation\\Http\\Middleware\\ValidatePostSize->handle(Object(Illuminate\\Http\\Request), Object(Closure))
#33 /Users/arsandiwirapanorama/Downloads/Ven-Barbershop/vendor/laravel/framework/src/Illuminate/Foundation/Http/Middleware/PreventRequestsDuringMaintenance.php(99): Illuminate\\Pipeline\\Pipeline->Illuminate\\Pipeline\\{closure}(Object(Illuminate\\Http\\Request))
#34 /Users/arsandiwirapanorama/Downloads/Ven-Barbershop/vendor/laravel/framework/src/Illuminate/Pipeline/Pipeline.php(183): Illuminate\\Foundation\\Http\\Middleware\\PreventRequestsDuringMaintenance->handle(Object(Illuminate\\Http\\Request), Object(Closure))
#35 /Users/arsandiwirapanorama/Downloads/Ven-Barbershop/vendor/laravel/framework/src/Illuminate/Http/Middleware/HandleCors.php(62): Illuminate\\Pipeline\\Pipeline->Illuminate\\Pipeline\\{closure}(Object(Illuminate\\Http\\Request))
#36 /Users/arsandiwirapanorama/Downloads/Ven-Barbershop/vendor/laravel/framework/src/Illuminate/Pipeline/Pipeline.php(183): Illuminate\\Http\\Middleware\\HandleCors->handle(Object(Illuminate\\Http\\Request), Object(Closure))
#37 /Users/arsandiwirapanorama/Downloads/Ven-Barbershop/vendor/laravel/framework/src/Illuminate/Http/Middleware/TrustProxies.php(39): Illuminate\\Pipeline\\Pipeline->Illuminate\\Pipeline\\{closure}(Object(Illuminate\\Http\\Request))
#38 /Users/arsandiwirapanorama/Downloads/Ven-Barbershop/vendor/laravel/framework/src/Illuminate/Pipeline/Pipeline.php(183): Illuminate\\Http\\Middleware\\TrustProxies->handle(Object(Illuminate\\Http\\Request), Object(Closure))
#39 /Users/arsandiwirapanorama/Downloads/Ven-Barbershop/vendor/laravel/framework/src/Illuminate/Pipeline/Pipeline.php(119): Illuminate\\Pipeline\\Pipeline->Illuminate\\Pipeline\\{closure}(Object(Illuminate\\Http\\Request))
#40 /Users/arsandiwirapanorama/Downloads/Ven-Barbershop/vendor/laravel/framework/src/Illuminate/Foundation/Http/Kernel.php(175): Illuminate\\Pipeline\\Pipeline->then(Object(Closure))
#41 /Users/arsandiwirapanorama/Downloads/Ven-Barbershop/vendor/laravel/framework/src/Illuminate/Foundation/Http/Kernel.php(144): Illuminate\\Foundation\\Http\\Kernel->sendRequestThroughRouter(Object(Illuminate\\Http\\Request))
#42 /Users/arsandiwirapanorama/Downloads/Ven-Barbershop/public/index.php(51): Illuminate\\Foundation\\Http\\Kernel->handle(Object(Illuminate\\Http\\Request))
#43 /Users/arsandiwirapanorama/Downloads/Ven-Barbershop/vendor/laravel/framework/src/Illuminate/Foundation/resources/server.php(16): require_once('/Users/arsandiw...')
#44 {main}
"} 
[2025-06-19 16:28:43] local.ERROR: SQLSTATE[42S02]: Base table or view not found: 1146 Table 'ven-barbershop.reservation_services' doesn't exist (Connection: mysql, SQL: insert into `reservation_services` (`created_at`, `duration`, `price`, `reservation_id`, `service_id`, `updated_at`) values (2025-06-19 16:28:43, 15, 25000, 1, 1, 2025-06-19 16:28:43)) {"exception":"[object] (Illuminate\\Database\\QueryException(code: 42S02): SQLSTATE[42S02]: Base table or view not found: 1146 Table 'ven-barbershop.reservation_services' doesn't exist (Connection: mysql, SQL: insert into `reservation_services` (`created_at`, `duration`, `price`, `reservation_id`, `service_id`, `updated_at`) values (2025-06-19 16:28:43, 15, 25000, 1, 1, 2025-06-19 16:28:43)) at /Users/arsandiwirapanorama/Downloads/Ven-Barbershop/vendor/laravel/framework/src/Illuminate/Database/Connection.php:829)
[stacktrace]
#0 /Users/arsandiwirapanorama/Downloads/Ven-Barbershop/vendor/laravel/framework/src/Illuminate/Database/Connection.php(783): Illuminate\\Database\\Connection->runQueryCallback('insert into `re...', Array, Object(Closure))
#1 /Users/arsandiwirapanorama/Downloads/Ven-Barbershop/vendor/laravel/framework/src/Illuminate/Database/MySqlConnection.php(34): Illuminate\\Database\\Connection->run('insert into `re...', Array, Object(Closure))
#2 /Users/arsandiwirapanorama/Downloads/Ven-Barbershop/vendor/laravel/framework/src/Illuminate/Database/Query/Builder.php(3498): Illuminate\\Database\\MySqlConnection->insert('insert into `re...', Array)
#3 /Users/arsandiwirapanorama/Downloads/Ven-Barbershop/vendor/laravel/framework/src/Illuminate/Database/Eloquent/Relations/Concerns/InteractsWithPivotTable.php(276): Illuminate\\Database\\Query\\Builder->insert(Array)
#4 /Users/arsandiwirapanorama/Downloads/Ven-Barbershop/app/Services/ReservationService.php(120): Illuminate\\Database\\Eloquent\\Relations\\BelongsToMany->attach(Array)
#5 /Users/arsandiwirapanorama/Downloads/Ven-Barbershop/vendor/laravel/framework/src/Illuminate/Database/Concerns/ManagesTransactions.php(30): App\\Services\\ReservationService->App\\Services\\{closure}(Object(Illuminate\\Database\\MySqlConnection))
#6 /Users/arsandiwirapanorama/Downloads/Ven-Barbershop/vendor/laravel/framework/src/Illuminate/Database/DatabaseManager.php(509): Illuminate\\Database\\Connection->transaction(Object(Closure))
#7 /Users/arsandiwirapanorama/Downloads/Ven-Barbershop/vendor/laravel/framework/src/Illuminate/Support/Facades/Facade.php(355): Illuminate\\Database\\DatabaseManager->__call('transaction', Array)
#8 /Users/arsandiwirapanorama/Downloads/Ven-Barbershop/app/Services/ReservationService.php(77): Illuminate\\Support\\Facades\\Facade::__callStatic('transaction', Array)
#9 /Users/arsandiwirapanorama/Downloads/Ven-Barbershop/app/Http/Controllers/Api/ReservationController.php(52): App\\Services\\ReservationService->create(Array)
#10 /Users/arsandiwirapanorama/Downloads/Ven-Barbershop/vendor/laravel/framework/src/Illuminate/Routing/Controller.php(54): App\\Http\\Controllers\\Api\\ReservationController->store(Object(Illuminate\\Http\\Request))
#11 /Users/arsandiwirapanorama/Downloads/Ven-Barbershop/vendor/laravel/framework/src/Illuminate/Routing/ControllerDispatcher.php(43): Illuminate\\Routing\\Controller->callAction('store', Array)
#12 /Users/arsandiwirapanorama/Downloads/Ven-Barbershop/vendor/laravel/framework/src/Illuminate/Routing/Route.php(259): Illuminate\\Routing\\ControllerDispatcher->dispatch(Object(Illuminate\\Routing\\Route), Object(App\\Http\\Controllers\\Api\\ReservationController), 'store')
#13 /Users/arsandiwirapanorama/Downloads/Ven-Barbershop/vendor/laravel/framework/src/Illuminate/Routing/Route.php(205): Illuminate\\Routing\\Route->runController()
#14 /Users/arsandiwirapanorama/Downloads/Ven-Barbershop/vendor/laravel/framework/src/Illuminate/Routing/Router.php(806): Illuminate\\Routing\\Route->run()
#15 /Users/arsandiwirapanorama/Downloads/Ven-Barbershop/vendor/laravel/framework/src/Illuminate/Pipeline/Pipeline.php(144): Illuminate\\Routing\\Router->Illuminate\\Routing\\{closure}(Object(Illuminate\\Http\\Request))
#16 /Users/arsandiwirapanorama/Downloads/Ven-Barbershop/vendor/laravel/framework/src/Illuminate/Routing/Middleware/SubstituteBindings.php(50): Illuminate\\Pipeline\\Pipeline->Illuminate\\Pipeline\\{closure}(Object(Illuminate\\Http\\Request))
#17 /Users/arsandiwirapanorama/Downloads/Ven-Barbershop/vendor/laravel/framework/src/Illuminate/Pipeline/Pipeline.php(183): Illuminate\\Routing\\Middleware\\SubstituteBindings->handle(Object(Illuminate\\Http\\Request), Object(Closure))
#18 /Users/arsandiwirapanorama/Downloads/Ven-Barbershop/vendor/laravel/framework/src/Illuminate/Routing/Middleware/ThrottleRequests.php(159): Illuminate\\Pipeline\\Pipeline->Illuminate\\Pipeline\\{closure}(Object(Illuminate\\Http\\Request))
#19 /Users/arsandiwirapanorama/Downloads/Ven-Barbershop/vendor/laravel/framework/src/Illuminate/Routing/Middleware/ThrottleRequests.php(125): Illuminate\\Routing\\Middleware\\ThrottleRequests->handleRequest(Object(Illuminate\\Http\\Request), Object(Closure), Array)
#20 /Users/arsandiwirapanorama/Downloads/Ven-Barbershop/vendor/laravel/framework/src/Illuminate/Routing/Middleware/ThrottleRequests.php(87): Illuminate\\Routing\\Middleware\\ThrottleRequests->handleRequestUsingNamedLimiter(Object(Illuminate\\Http\\Request), Object(Closure), 'api', Object(Closure))
#21 /Users/arsandiwirapanorama/Downloads/Ven-Barbershop/vendor/laravel/framework/src/Illuminate/Pipeline/Pipeline.php(183): Illuminate\\Routing\\Middleware\\ThrottleRequests->handle(Object(Illuminate\\Http\\Request), Object(Closure), 'api')
#22 /Users/arsandiwirapanorama/Downloads/Ven-Barbershop/vendor/laravel/framework/src/Illuminate/Pipeline/Pipeline.php(119): Illuminate\\Pipeline\\Pipeline->Illuminate\\Pipeline\\{closure}(Object(Illuminate\\Http\\Request))
#23 /Users/arsandiwirapanorama/Downloads/Ven-Barbershop/vendor/laravel/framework/src/Illuminate/Routing/Router.php(805): Illuminate\\Pipeline\\Pipeline->then(Object(Closure))
#24 /Users/arsandiwirapanorama/Downloads/Ven-Barbershop/vendor/laravel/framework/src/Illuminate/Routing/Router.php(784): Illuminate\\Routing\\Router->runRouteWithinStack(Object(Illuminate\\Routing\\Route), Object(Illuminate\\Http\\Request))
#25 /Users/arsandiwirapanorama/Downloads/Ven-Barbershop/vendor/laravel/framework/src/Illuminate/Routing/Router.php(748): Illuminate\\Routing\\Router->runRoute(Object(Illuminate\\Http\\Request), Object(Illuminate\\Routing\\Route))
#26 /Users/arsandiwirapanorama/Downloads/Ven-Barbershop/vendor/laravel/framework/src/Illuminate/Routing/Router.php(737): Illuminate\\Routing\\Router->dispatchToRoute(Object(Illuminate\\Http\\Request))
#27 /Users/arsandiwirapanorama/Downloads/Ven-Barbershop/vendor/laravel/framework/src/Illuminate/Foundation/Http/Kernel.php(200): Illuminate\\Routing\\Router->dispatch(Object(Illuminate\\Http\\Request))
#28 /Users/arsandiwirapanorama/Downloads/Ven-Barbershop/vendor/laravel/framework/src/Illuminate/Pipeline/Pipeline.php(144): Illuminate\\Foundation\\Http\\Kernel->Illuminate\\Foundation\\Http\\{closure}(Object(Illuminate\\Http\\Request))
#29 /Users/arsandiwirapanorama/Downloads/Ven-Barbershop/vendor/laravel/framework/src/Illuminate/Foundation/Http/Middleware/TransformsRequest.php(21): Illuminate\\Pipeline\\Pipeline->Illuminate\\Pipeline\\{closure}(Object(Illuminate\\Http\\Request))
#30 /Users/arsandiwirapanorama/Downloads/Ven-Barbershop/vendor/laravel/framework/src/Illuminate/Foundation/Http/Middleware/ConvertEmptyStringsToNull.php(31): Illuminate\\Foundation\\Http\\Middleware\\TransformsRequest->handle(Object(Illuminate\\Http\\Request), Object(Closure))
#31 /Users/arsandiwirapanorama/Downloads/Ven-Barbershop/vendor/laravel/framework/src/Illuminate/Pipeline/Pipeline.php(183): Illuminate\\Foundation\\Http\\Middleware\\ConvertEmptyStringsToNull->handle(Object(Illuminate\\Http\\Request), Object(Closure))
#32 /Users/arsandiwirapanorama/Downloads/Ven-Barbershop/vendor/laravel/framework/src/Illuminate/Foundation/Http/Middleware/TransformsRequest.php(21): Illuminate\\Pipeline\\Pipeline->Illuminate\\Pipeline\\{closure}(Object(Illuminate\\Http\\Request))
#33 /Users/arsandiwirapanorama/Downloads/Ven-Barbershop/vendor/laravel/framework/src/Illuminate/Foundation/Http/Middleware/TrimStrings.php(40): Illuminate\\Foundation\\Http\\Middleware\\TransformsRequest->handle(Object(Illuminate\\Http\\Request), Object(Closure))
#34 /Users/arsandiwirapanorama/Downloads/Ven-Barbershop/vendor/laravel/framework/src/Illuminate/Pipeline/Pipeline.php(183): Illuminate\\Foundation\\Http\\Middleware\\TrimStrings->handle(Object(Illuminate\\Http\\Request), Object(Closure))
#35 /Users/arsandiwirapanorama/Downloads/Ven-Barbershop/vendor/laravel/framework/src/Illuminate/Foundation/Http/Middleware/ValidatePostSize.php(27): Illuminate\\Pipeline\\Pipeline->Illuminate\\Pipeline\\{closure}(Object(Illuminate\\Http\\Request))
#36 /Users/arsandiwirapanorama/Downloads/Ven-Barbershop/vendor/laravel/framework/src/Illuminate/Pipeline/Pipeline.php(183): Illuminate\\Foundation\\Http\\Middleware\\ValidatePostSize->handle(Object(Illuminate\\Http\\Request), Object(Closure))
#37 /Users/arsandiwirapanorama/Downloads/Ven-Barbershop/vendor/laravel/framework/src/Illuminate/Foundation/Http/Middleware/PreventRequestsDuringMaintenance.php(99): Illuminate\\Pipeline\\Pipeline->Illuminate\\Pipeline\\{closure}(Object(Illuminate\\Http\\Request))
#38 /Users/arsandiwirapanorama/Downloads/Ven-Barbershop/vendor/laravel/framework/src/Illuminate/Pipeline/Pipeline.php(183): Illuminate\\Foundation\\Http\\Middleware\\PreventRequestsDuringMaintenance->handle(Object(Illuminate\\Http\\Request), Object(Closure))
#39 /Users/arsandiwirapanorama/Downloads/Ven-Barbershop/vendor/laravel/framework/src/Illuminate/Http/Middleware/HandleCors.php(62): Illuminate\\Pipeline\\Pipeline->Illuminate\\Pipeline\\{closure}(Object(Illuminate\\Http\\Request))
#40 /Users/arsandiwirapanorama/Downloads/Ven-Barbershop/vendor/laravel/framework/src/Illuminate/Pipeline/Pipeline.php(183): Illuminate\\Http\\Middleware\\HandleCors->handle(Object(Illuminate\\Http\\Request), Object(Closure))
#41 /Users/arsandiwirapanorama/Downloads/Ven-Barbershop/vendor/laravel/framework/src/Illuminate/Http/Middleware/TrustProxies.php(39): Illuminate\\Pipeline\\Pipeline->Illuminate\\Pipeline\\{closure}(Object(Illuminate\\Http\\Request))
#42 /Users/arsandiwirapanorama/Downloads/Ven-Barbershop/vendor/laravel/framework/src/Illuminate/Pipeline/Pipeline.php(183): Illuminate\\Http\\Middleware\\TrustProxies->handle(Object(Illuminate\\Http\\Request), Object(Closure))
#43 /Users/arsandiwirapanorama/Downloads/Ven-Barbershop/vendor/laravel/framework/src/Illuminate/Pipeline/Pipeline.php(119): Illuminate\\Pipeline\\Pipeline->Illuminate\\Pipeline\\{closure}(Object(Illuminate\\Http\\Request))
#44 /Users/arsandiwirapanorama/Downloads/Ven-Barbershop/vendor/laravel/framework/src/Illuminate/Foundation/Http/Kernel.php(175): Illuminate\\Pipeline\\Pipeline->then(Object(Closure))
#45 /Users/arsandiwirapanorama/Downloads/Ven-Barbershop/vendor/laravel/framework/src/Illuminate/Foundation/Http/Kernel.php(144): Illuminate\\Foundation\\Http\\Kernel->sendRequestThroughRouter(Object(Illuminate\\Http\\Request))
#46 /Users/arsandiwirapanorama/Downloads/Ven-Barbershop/public/index.php(51): Illuminate\\Foundation\\Http\\Kernel->handle(Object(Illuminate\\Http\\Request))
#47 /Users/arsandiwirapanorama/Downloads/Ven-Barbershop/vendor/laravel/framework/src/Illuminate/Foundation/resources/server.php(16): require_once('/Users/arsandiw...')
#48 {main}

[previous exception] [object] (PDOException(code: 42S02): SQLSTATE[42S02]: Base table or view not found: 1146 Table 'ven-barbershop.reservation_services' doesn't exist at /Users/arsandiwirapanorama/Downloads/Ven-Barbershop/vendor/laravel/framework/src/Illuminate/Database/MySqlConnection.php:39)
[stacktrace]
#0 /Users/arsandiwirapanorama/Downloads/Ven-Barbershop/vendor/laravel/framework/src/Illuminate/Database/MySqlConnection.php(39): PDO->prepare('insert into `re...')
#1 /Users/arsandiwirapanorama/Downloads/Ven-Barbershop/vendor/laravel/framework/src/Illuminate/Database/Connection.php(816): Illuminate\\Database\\MySqlConnection->Illuminate\\Database\\{closure}('insert into `re...', Array)
#2 /Users/arsandiwirapanorama/Downloads/Ven-Barbershop/vendor/laravel/framework/src/Illuminate/Database/Connection.php(783): Illuminate\\Database\\Connection->runQueryCallback('insert into `re...', Array, Object(Closure))
#3 /Users/arsandiwirapanorama/Downloads/Ven-Barbershop/vendor/laravel/framework/src/Illuminate/Database/MySqlConnection.php(34): Illuminate\\Database\\Connection->run('insert into `re...', Array, Object(Closure))
#4 /Users/arsandiwirapanorama/Downloads/Ven-Barbershop/vendor/laravel/framework/src/Illuminate/Database/Query/Builder.php(3498): Illuminate\\Database\\MySqlConnection->insert('insert into `re...', Array)
#5 /Users/arsandiwirapanorama/Downloads/Ven-Barbershop/vendor/laravel/framework/src/Illuminate/Database/Eloquent/Relations/Concerns/InteractsWithPivotTable.php(276): Illuminate\\Database\\Query\\Builder->insert(Array)
#6 /Users/arsandiwirapanorama/Downloads/Ven-Barbershop/app/Services/ReservationService.php(120): Illuminate\\Database\\Eloquent\\Relations\\BelongsToMany->attach(Array)
#7 /Users/arsandiwirapanorama/Downloads/Ven-Barbershop/vendor/laravel/framework/src/Illuminate/Database/Concerns/ManagesTransactions.php(30): App\\Services\\ReservationService->App\\Services\\{closure}(Object(Illuminate\\Database\\MySqlConnection))
#8 /Users/arsandiwirapanorama/Downloads/Ven-Barbershop/vendor/laravel/framework/src/Illuminate/Database/DatabaseManager.php(509): Illuminate\\Database\\Connection->transaction(Object(Closure))
#9 /Users/arsandiwirapanorama/Downloads/Ven-Barbershop/vendor/laravel/framework/src/Illuminate/Support/Facades/Facade.php(355): Illuminate\\Database\\DatabaseManager->__call('transaction', Array)
#10 /Users/arsandiwirapanorama/Downloads/Ven-Barbershop/app/Services/ReservationService.php(77): Illuminate\\Support\\Facades\\Facade::__callStatic('transaction', Array)
#11 /Users/arsandiwirapanorama/Downloads/Ven-Barbershop/app/Http/Controllers/Api/ReservationController.php(52): App\\Services\\ReservationService->create(Array)
#12 /Users/arsandiwirapanorama/Downloads/Ven-Barbershop/vendor/laravel/framework/src/Illuminate/Routing/Controller.php(54): App\\Http\\Controllers\\Api\\ReservationController->store(Object(Illuminate\\Http\\Request))
#13 /Users/arsandiwirapanorama/Downloads/Ven-Barbershop/vendor/laravel/framework/src/Illuminate/Routing/ControllerDispatcher.php(43): Illuminate\\Routing\\Controller->callAction('store', Array)
#14 /Users/arsandiwirapanorama/Downloads/Ven-Barbershop/vendor/laravel/framework/src/Illuminate/Routing/Route.php(259): Illuminate\\Routing\\ControllerDispatcher->dispatch(Object(Illuminate\\Routing\\Route), Object(App\\Http\\Controllers\\Api\\ReservationController), 'store')
#15 /Users/arsandiwirapanorama/Downloads/Ven-Barbershop/vendor/laravel/framework/src/Illuminate/Routing/Route.php(205): Illuminate\\Routing\\Route->runController()
#16 /Users/arsandiwirapanorama/Downloads/Ven-Barbershop/vendor/laravel/framework/src/Illuminate/Routing/Router.php(806): Illuminate\\Routing\\Route->run()
#17 /Users/arsandiwirapanorama/Downloads/Ven-Barbershop/vendor/laravel/framework/src/Illuminate/Pipeline/Pipeline.php(144): Illuminate\\Routing\\Router->Illuminate\\Routing\\{closure}(Object(Illuminate\\Http\\Request))
#18 /Users/arsandiwirapanorama/Downloads/Ven-Barbershop/vendor/laravel/framework/src/Illuminate/Routing/Middleware/SubstituteBindings.php(50): Illuminate\\Pipeline\\Pipeline->Illuminate\\Pipeline\\{closure}(Object(Illuminate\\Http\\Request))
#19 /Users/arsandiwirapanorama/Downloads/Ven-Barbershop/vendor/laravel/framework/src/Illuminate/Pipeline/Pipeline.php(183): Illuminate\\Routing\\Middleware\\SubstituteBindings->handle(Object(Illuminate\\Http\\Request), Object(Closure))
#20 /Users/arsandiwirapanorama/Downloads/Ven-Barbershop/vendor/laravel/framework/src/Illuminate/Routing/Middleware/ThrottleRequests.php(159): Illuminate\\Pipeline\\Pipeline->Illuminate\\Pipeline\\{closure}(Object(Illuminate\\Http\\Request))
#21 /Users/arsandiwirapanorama/Downloads/Ven-Barbershop/vendor/laravel/framework/src/Illuminate/Routing/Middleware/ThrottleRequests.php(125): Illuminate\\Routing\\Middleware\\ThrottleRequests->handleRequest(Object(Illuminate\\Http\\Request), Object(Closure), Array)
#22 /Users/arsandiwirapanorama/Downloads/Ven-Barbershop/vendor/laravel/framework/src/Illuminate/Routing/Middleware/ThrottleRequests.php(87): Illuminate\\Routing\\Middleware\\ThrottleRequests->handleRequestUsingNamedLimiter(Object(Illuminate\\Http\\Request), Object(Closure), 'api', Object(Closure))
#23 /Users/arsandiwirapanorama/Downloads/Ven-Barbershop/vendor/laravel/framework/src/Illuminate/Pipeline/Pipeline.php(183): Illuminate\\Routing\\Middleware\\ThrottleRequests->handle(Object(Illuminate\\Http\\Request), Object(Closure), 'api')
#24 /Users/arsandiwirapanorama/Downloads/Ven-Barbershop/vendor/laravel/framework/src/Illuminate/Pipeline/Pipeline.php(119): Illuminate\\Pipeline\\Pipeline->Illuminate\\Pipeline\\{closure}(Object(Illuminate\\Http\\Request))
#25 /Users/arsandiwirapanorama/Downloads/Ven-Barbershop/vendor/laravel/framework/src/Illuminate/Routing/Router.php(805): Illuminate\\Pipeline\\Pipeline->then(Object(Closure))
#26 /Users/arsandiwirapanorama/Downloads/Ven-Barbershop/vendor/laravel/framework/src/Illuminate/Routing/Router.php(784): Illuminate\\Routing\\Router->runRouteWithinStack(Object(Illuminate\\Routing\\Route), Object(Illuminate\\Http\\Request))
#27 /Users/arsandiwirapanorama/Downloads/Ven-Barbershop/vendor/laravel/framework/src/Illuminate/Routing/Router.php(748): Illuminate\\Routing\\Router->runRoute(Object(Illuminate\\Http\\Request), Object(Illuminate\\Routing\\Route))
#28 /Users/arsandiwirapanorama/Downloads/Ven-Barbershop/vendor/laravel/framework/src/Illuminate/Routing/Router.php(737): Illuminate\\Routing\\Router->dispatchToRoute(Object(Illuminate\\Http\\Request))
#29 /Users/arsandiwirapanorama/Downloads/Ven-Barbershop/vendor/laravel/framework/src/Illuminate/Foundation/Http/Kernel.php(200): Illuminate\\Routing\\Router->dispatch(Object(Illuminate\\Http\\Request))
#30 /Users/arsandiwirapanorama/Downloads/Ven-Barbershop/vendor/laravel/framework/src/Illuminate/Pipeline/Pipeline.php(144): Illuminate\\Foundation\\Http\\Kernel->Illuminate\\Foundation\\Http\\{closure}(Object(Illuminate\\Http\\Request))
#31 /Users/arsandiwirapanorama/Downloads/Ven-Barbershop/vendor/laravel/framework/src/Illuminate/Foundation/Http/Middleware/TransformsRequest.php(21): Illuminate\\Pipeline\\Pipeline->Illuminate\\Pipeline\\{closure}(Object(Illuminate\\Http\\Request))
#32 /Users/arsandiwirapanorama/Downloads/Ven-Barbershop/vendor/laravel/framework/src/Illuminate/Foundation/Http/Middleware/ConvertEmptyStringsToNull.php(31): Illuminate\\Foundation\\Http\\Middleware\\TransformsRequest->handle(Object(Illuminate\\Http\\Request), Object(Closure))
#33 /Users/arsandiwirapanorama/Downloads/Ven-Barbershop/vendor/laravel/framework/src/Illuminate/Pipeline/Pipeline.php(183): Illuminate\\Foundation\\Http\\Middleware\\ConvertEmptyStringsToNull->handle(Object(Illuminate\\Http\\Request), Object(Closure))
#34 /Users/arsandiwirapanorama/Downloads/Ven-Barbershop/vendor/laravel/framework/src/Illuminate/Foundation/Http/Middleware/TransformsRequest.php(21): Illuminate\\Pipeline\\Pipeline->Illuminate\\Pipeline\\{closure}(Object(Illuminate\\Http\\Request))
#35 /Users/arsandiwirapanorama/Downloads/Ven-Barbershop/vendor/laravel/framework/src/Illuminate/Foundation/Http/Middleware/TrimStrings.php(40): Illuminate\\Foundation\\Http\\Middleware\\TransformsRequest->handle(Object(Illuminate\\Http\\Request), Object(Closure))
#36 /Users/arsandiwirapanorama/Downloads/Ven-Barbershop/vendor/laravel/framework/src/Illuminate/Pipeline/Pipeline.php(183): Illuminate\\Foundation\\Http\\Middleware\\TrimStrings->handle(Object(Illuminate\\Http\\Request), Object(Closure))
#37 /Users/arsandiwirapanorama/Downloads/Ven-Barbershop/vendor/laravel/framework/src/Illuminate/Foundation/Http/Middleware/ValidatePostSize.php(27): Illuminate\\Pipeline\\Pipeline->Illuminate\\Pipeline\\{closure}(Object(Illuminate\\Http\\Request))
#38 /Users/arsandiwirapanorama/Downloads/Ven-Barbershop/vendor/laravel/framework/src/Illuminate/Pipeline/Pipeline.php(183): Illuminate\\Foundation\\Http\\Middleware\\ValidatePostSize->handle(Object(Illuminate\\Http\\Request), Object(Closure))
#39 /Users/arsandiwirapanorama/Downloads/Ven-Barbershop/vendor/laravel/framework/src/Illuminate/Foundation/Http/Middleware/PreventRequestsDuringMaintenance.php(99): Illuminate\\Pipeline\\Pipeline->Illuminate\\Pipeline\\{closure}(Object(Illuminate\\Http\\Request))
#40 /Users/arsandiwirapanorama/Downloads/Ven-Barbershop/vendor/laravel/framework/src/Illuminate/Pipeline/Pipeline.php(183): Illuminate\\Foundation\\Http\\Middleware\\PreventRequestsDuringMaintenance->handle(Object(Illuminate\\Http\\Request), Object(Closure))
#41 /Users/arsandiwirapanorama/Downloads/Ven-Barbershop/vendor/laravel/framework/src/Illuminate/Http/Middleware/HandleCors.php(62): Illuminate\\Pipeline\\Pipeline->Illuminate\\Pipeline\\{closure}(Object(Illuminate\\Http\\Request))
#42 /Users/arsandiwirapanorama/Downloads/Ven-Barbershop/vendor/laravel/framework/src/Illuminate/Pipeline/Pipeline.php(183): Illuminate\\Http\\Middleware\\HandleCors->handle(Object(Illuminate\\Http\\Request), Object(Closure))
#43 /Users/arsandiwirapanorama/Downloads/Ven-Barbershop/vendor/laravel/framework/src/Illuminate/Http/Middleware/TrustProxies.php(39): Illuminate\\Pipeline\\Pipeline->Illuminate\\Pipeline\\{closure}(Object(Illuminate\\Http\\Request))
#44 /Users/arsandiwirapanorama/Downloads/Ven-Barbershop/vendor/laravel/framework/src/Illuminate/Pipeline/Pipeline.php(183): Illuminate\\Http\\Middleware\\TrustProxies->handle(Object(Illuminate\\Http\\Request), Object(Closure))
#45 /Users/arsandiwirapanorama/Downloads/Ven-Barbershop/vendor/laravel/framework/src/Illuminate/Pipeline/Pipeline.php(119): Illuminate\\Pipeline\\Pipeline->Illuminate\\Pipeline\\{closure}(Object(Illuminate\\Http\\Request))
#46 /Users/arsandiwirapanorama/Downloads/Ven-Barbershop/vendor/laravel/framework/src/Illuminate/Foundation/Http/Kernel.php(175): Illuminate\\Pipeline\\Pipeline->then(Object(Closure))
#47 /Users/arsandiwirapanorama/Downloads/Ven-Barbershop/vendor/laravel/framework/src/Illuminate/Foundation/Http/Kernel.php(144): Illuminate\\Foundation\\Http\\Kernel->sendRequestThroughRouter(Object(Illuminate\\Http\\Request))
#48 /Users/arsandiwirapanorama/Downloads/Ven-Barbershop/public/index.php(51): Illuminate\\Foundation\\Http\\Kernel->handle(Object(Illuminate\\Http\\Request))
#49 /Users/arsandiwirapanorama/Downloads/Ven-Barbershop/vendor/laravel/framework/src/Illuminate/Foundation/resources/server.php(16): require_once('/Users/arsandiw...')
#50 {main}
"} 
[2025-06-19 16:31:45] local.ERROR: Cannot access offset of type string on string {"exception":"[object] (TypeError(code: 0): Cannot access offset of type string on string at /Users/arsandiwirapanorama/Downloads/Ven-Barbershop/app/Services/ReservationService.php:193)
[stacktrace]
#0 /Users/arsandiwirapanorama/Downloads/Ven-Barbershop/app/Services/ReservationService.php(79): App\\Services\\ReservationService->validateBarberAvailability(1, '2025-06-20', '09:00', Array)
#1 /Users/arsandiwirapanorama/Downloads/Ven-Barbershop/vendor/laravel/framework/src/Illuminate/Database/Concerns/ManagesTransactions.php(30): App\\Services\\ReservationService->App\\Services\\{closure}(Object(Illuminate\\Database\\MySqlConnection))
#2 /Users/arsandiwirapanorama/Downloads/Ven-Barbershop/vendor/laravel/framework/src/Illuminate/Database/DatabaseManager.php(509): Illuminate\\Database\\Connection->transaction(Object(Closure))
#3 /Users/arsandiwirapanorama/Downloads/Ven-Barbershop/vendor/laravel/framework/src/Illuminate/Support/Facades/Facade.php(355): Illuminate\\Database\\DatabaseManager->__call('transaction', Array)
#4 /Users/arsandiwirapanorama/Downloads/Ven-Barbershop/app/Services/ReservationService.php(77): Illuminate\\Support\\Facades\\Facade::__callStatic('transaction', Array)
#5 /Users/arsandiwirapanorama/Downloads/Ven-Barbershop/app/Http/Controllers/Api/ReservationController.php(52): App\\Services\\ReservationService->create(Array)
#6 /Users/arsandiwirapanorama/Downloads/Ven-Barbershop/vendor/laravel/framework/src/Illuminate/Routing/Controller.php(54): App\\Http\\Controllers\\Api\\ReservationController->store(Object(Illuminate\\Http\\Request))
#7 /Users/arsandiwirapanorama/Downloads/Ven-Barbershop/vendor/laravel/framework/src/Illuminate/Routing/ControllerDispatcher.php(43): Illuminate\\Routing\\Controller->callAction('store', Array)
#8 /Users/arsandiwirapanorama/Downloads/Ven-Barbershop/vendor/laravel/framework/src/Illuminate/Routing/Route.php(259): Illuminate\\Routing\\ControllerDispatcher->dispatch(Object(Illuminate\\Routing\\Route), Object(App\\Http\\Controllers\\Api\\ReservationController), 'store')
#9 /Users/arsandiwirapanorama/Downloads/Ven-Barbershop/vendor/laravel/framework/src/Illuminate/Routing/Route.php(205): Illuminate\\Routing\\Route->runController()
#10 /Users/arsandiwirapanorama/Downloads/Ven-Barbershop/vendor/laravel/framework/src/Illuminate/Routing/Router.php(806): Illuminate\\Routing\\Route->run()
#11 /Users/arsandiwirapanorama/Downloads/Ven-Barbershop/vendor/laravel/framework/src/Illuminate/Pipeline/Pipeline.php(144): Illuminate\\Routing\\Router->Illuminate\\Routing\\{closure}(Object(Illuminate\\Http\\Request))
#12 /Users/arsandiwirapanorama/Downloads/Ven-Barbershop/vendor/laravel/framework/src/Illuminate/Routing/Middleware/SubstituteBindings.php(50): Illuminate\\Pipeline\\Pipeline->Illuminate\\Pipeline\\{closure}(Object(Illuminate\\Http\\Request))
#13 /Users/arsandiwirapanorama/Downloads/Ven-Barbershop/vendor/laravel/framework/src/Illuminate/Pipeline/Pipeline.php(183): Illuminate\\Routing\\Middleware\\SubstituteBindings->handle(Object(Illuminate\\Http\\Request), Object(Closure))
#14 /Users/arsandiwirapanorama/Downloads/Ven-Barbershop/vendor/laravel/framework/src/Illuminate/Routing/Middleware/ThrottleRequests.php(159): Illuminate\\Pipeline\\Pipeline->Illuminate\\Pipeline\\{closure}(Object(Illuminate\\Http\\Request))
#15 /Users/arsandiwirapanorama/Downloads/Ven-Barbershop/vendor/laravel/framework/src/Illuminate/Routing/Middleware/ThrottleRequests.php(125): Illuminate\\Routing\\Middleware\\ThrottleRequests->handleRequest(Object(Illuminate\\Http\\Request), Object(Closure), Array)
#16 /Users/arsandiwirapanorama/Downloads/Ven-Barbershop/vendor/laravel/framework/src/Illuminate/Routing/Middleware/ThrottleRequests.php(87): Illuminate\\Routing\\Middleware\\ThrottleRequests->handleRequestUsingNamedLimiter(Object(Illuminate\\Http\\Request), Object(Closure), 'api', Object(Closure))
#17 /Users/arsandiwirapanorama/Downloads/Ven-Barbershop/vendor/laravel/framework/src/Illuminate/Pipeline/Pipeline.php(183): Illuminate\\Routing\\Middleware\\ThrottleRequests->handle(Object(Illuminate\\Http\\Request), Object(Closure), 'api')
#18 /Users/arsandiwirapanorama/Downloads/Ven-Barbershop/vendor/laravel/framework/src/Illuminate/Pipeline/Pipeline.php(119): Illuminate\\Pipeline\\Pipeline->Illuminate\\Pipeline\\{closure}(Object(Illuminate\\Http\\Request))
#19 /Users/arsandiwirapanorama/Downloads/Ven-Barbershop/vendor/laravel/framework/src/Illuminate/Routing/Router.php(805): Illuminate\\Pipeline\\Pipeline->then(Object(Closure))
#20 /Users/arsandiwirapanorama/Downloads/Ven-Barbershop/vendor/laravel/framework/src/Illuminate/Routing/Router.php(784): Illuminate\\Routing\\Router->runRouteWithinStack(Object(Illuminate\\Routing\\Route), Object(Illuminate\\Http\\Request))
#21 /Users/arsandiwirapanorama/Downloads/Ven-Barbershop/vendor/laravel/framework/src/Illuminate/Routing/Router.php(748): Illuminate\\Routing\\Router->runRoute(Object(Illuminate\\Http\\Request), Object(Illuminate\\Routing\\Route))
#22 /Users/arsandiwirapanorama/Downloads/Ven-Barbershop/vendor/laravel/framework/src/Illuminate/Routing/Router.php(737): Illuminate\\Routing\\Router->dispatchToRoute(Object(Illuminate\\Http\\Request))
#23 /Users/arsandiwirapanorama/Downloads/Ven-Barbershop/vendor/laravel/framework/src/Illuminate/Foundation/Http/Kernel.php(200): Illuminate\\Routing\\Router->dispatch(Object(Illuminate\\Http\\Request))
#24 /Users/arsandiwirapanorama/Downloads/Ven-Barbershop/vendor/laravel/framework/src/Illuminate/Pipeline/Pipeline.php(144): Illuminate\\Foundation\\Http\\Kernel->Illuminate\\Foundation\\Http\\{closure}(Object(Illuminate\\Http\\Request))
#25 /Users/arsandiwirapanorama/Downloads/Ven-Barbershop/vendor/laravel/framework/src/Illuminate/Foundation/Http/Middleware/TransformsRequest.php(21): Illuminate\\Pipeline\\Pipeline->Illuminate\\Pipeline\\{closure}(Object(Illuminate\\Http\\Request))
#26 /Users/arsandiwirapanorama/Downloads/Ven-Barbershop/vendor/laravel/framework/src/Illuminate/Foundation/Http/Middleware/ConvertEmptyStringsToNull.php(31): Illuminate\\Foundation\\Http\\Middleware\\TransformsRequest->handle(Object(Illuminate\\Http\\Request), Object(Closure))
#27 /Users/arsandiwirapanorama/Downloads/Ven-Barbershop/vendor/laravel/framework/src/Illuminate/Pipeline/Pipeline.php(183): Illuminate\\Foundation\\Http\\Middleware\\ConvertEmptyStringsToNull->handle(Object(Illuminate\\Http\\Request), Object(Closure))
#28 /Users/arsandiwirapanorama/Downloads/Ven-Barbershop/vendor/laravel/framework/src/Illuminate/Foundation/Http/Middleware/TransformsRequest.php(21): Illuminate\\Pipeline\\Pipeline->Illuminate\\Pipeline\\{closure}(Object(Illuminate\\Http\\Request))
#29 /Users/arsandiwirapanorama/Downloads/Ven-Barbershop/vendor/laravel/framework/src/Illuminate/Foundation/Http/Middleware/TrimStrings.php(40): Illuminate\\Foundation\\Http\\Middleware\\TransformsRequest->handle(Object(Illuminate\\Http\\Request), Object(Closure))
#30 /Users/arsandiwirapanorama/Downloads/Ven-Barbershop/vendor/laravel/framework/src/Illuminate/Pipeline/Pipeline.php(183): Illuminate\\Foundation\\Http\\Middleware\\TrimStrings->handle(Object(Illuminate\\Http\\Request), Object(Closure))
#31 /Users/arsandiwirapanorama/Downloads/Ven-Barbershop/vendor/laravel/framework/src/Illuminate/Foundation/Http/Middleware/ValidatePostSize.php(27): Illuminate\\Pipeline\\Pipeline->Illuminate\\Pipeline\\{closure}(Object(Illuminate\\Http\\Request))
#32 /Users/arsandiwirapanorama/Downloads/Ven-Barbershop/vendor/laravel/framework/src/Illuminate/Pipeline/Pipeline.php(183): Illuminate\\Foundation\\Http\\Middleware\\ValidatePostSize->handle(Object(Illuminate\\Http\\Request), Object(Closure))
#33 /Users/arsandiwirapanorama/Downloads/Ven-Barbershop/vendor/laravel/framework/src/Illuminate/Foundation/Http/Middleware/PreventRequestsDuringMaintenance.php(99): Illuminate\\Pipeline\\Pipeline->Illuminate\\Pipeline\\{closure}(Object(Illuminate\\Http\\Request))
#34 /Users/arsandiwirapanorama/Downloads/Ven-Barbershop/vendor/laravel/framework/src/Illuminate/Pipeline/Pipeline.php(183): Illuminate\\Foundation\\Http\\Middleware\\PreventRequestsDuringMaintenance->handle(Object(Illuminate\\Http\\Request), Object(Closure))
#35 /Users/arsandiwirapanorama/Downloads/Ven-Barbershop/vendor/laravel/framework/src/Illuminate/Http/Middleware/HandleCors.php(62): Illuminate\\Pipeline\\Pipeline->Illuminate\\Pipeline\\{closure}(Object(Illuminate\\Http\\Request))
#36 /Users/arsandiwirapanorama/Downloads/Ven-Barbershop/vendor/laravel/framework/src/Illuminate/Pipeline/Pipeline.php(183): Illuminate\\Http\\Middleware\\HandleCors->handle(Object(Illuminate\\Http\\Request), Object(Closure))
#37 /Users/arsandiwirapanorama/Downloads/Ven-Barbershop/vendor/laravel/framework/src/Illuminate/Http/Middleware/TrustProxies.php(39): Illuminate\\Pipeline\\Pipeline->Illuminate\\Pipeline\\{closure}(Object(Illuminate\\Http\\Request))
#38 /Users/arsandiwirapanorama/Downloads/Ven-Barbershop/vendor/laravel/framework/src/Illuminate/Pipeline/Pipeline.php(183): Illuminate\\Http\\Middleware\\TrustProxies->handle(Object(Illuminate\\Http\\Request), Object(Closure))
#39 /Users/arsandiwirapanorama/Downloads/Ven-Barbershop/vendor/laravel/framework/src/Illuminate/Pipeline/Pipeline.php(119): Illuminate\\Pipeline\\Pipeline->Illuminate\\Pipeline\\{closure}(Object(Illuminate\\Http\\Request))
#40 /Users/arsandiwirapanorama/Downloads/Ven-Barbershop/vendor/laravel/framework/src/Illuminate/Foundation/Http/Kernel.php(175): Illuminate\\Pipeline\\Pipeline->then(Object(Closure))
#41 /Users/arsandiwirapanorama/Downloads/Ven-Barbershop/vendor/laravel/framework/src/Illuminate/Foundation/Http/Kernel.php(144): Illuminate\\Foundation\\Http\\Kernel->sendRequestThroughRouter(Object(Illuminate\\Http\\Request))
#42 /Users/arsandiwirapanorama/Downloads/Ven-Barbershop/public/index.php(51): Illuminate\\Foundation\\Http\\Kernel->handle(Object(Illuminate\\Http\\Request))
#43 /Users/arsandiwirapanorama/Downloads/Ven-Barbershop/vendor/laravel/framework/src/Illuminate/Foundation/resources/server.php(16): require_once('/Users/arsandiw...')
#44 {main}
"} 
[2025-06-19 16:32:07] local.ERROR: Cannot access offset of type string on string {"exception":"[object] (TypeError(code: 0): Cannot access offset of type string on string at /Users/arsandiwirapanorama/Downloads/Ven-Barbershop/app/Services/ReservationService.php:193)
[stacktrace]
#0 /Users/arsandiwirapanorama/Downloads/Ven-Barbershop/app/Services/ReservationService.php(79): App\\Services\\ReservationService->validateBarberAvailability(1, '2025-06-20', '09:00', Array)
#1 /Users/arsandiwirapanorama/Downloads/Ven-Barbershop/vendor/laravel/framework/src/Illuminate/Database/Concerns/ManagesTransactions.php(30): App\\Services\\ReservationService->App\\Services\\{closure}(Object(Illuminate\\Database\\MySqlConnection))
#2 /Users/arsandiwirapanorama/Downloads/Ven-Barbershop/vendor/laravel/framework/src/Illuminate/Database/DatabaseManager.php(509): Illuminate\\Database\\Connection->transaction(Object(Closure))
#3 /Users/arsandiwirapanorama/Downloads/Ven-Barbershop/vendor/laravel/framework/src/Illuminate/Support/Facades/Facade.php(355): Illuminate\\Database\\DatabaseManager->__call('transaction', Array)
#4 /Users/arsandiwirapanorama/Downloads/Ven-Barbershop/app/Services/ReservationService.php(77): Illuminate\\Support\\Facades\\Facade::__callStatic('transaction', Array)
#5 /Users/arsandiwirapanorama/Downloads/Ven-Barbershop/app/Http/Controllers/Api/ReservationController.php(52): App\\Services\\ReservationService->create(Array)
#6 /Users/arsandiwirapanorama/Downloads/Ven-Barbershop/vendor/laravel/framework/src/Illuminate/Routing/Controller.php(54): App\\Http\\Controllers\\Api\\ReservationController->store(Object(Illuminate\\Http\\Request))
#7 /Users/arsandiwirapanorama/Downloads/Ven-Barbershop/vendor/laravel/framework/src/Illuminate/Routing/ControllerDispatcher.php(43): Illuminate\\Routing\\Controller->callAction('store', Array)
#8 /Users/arsandiwirapanorama/Downloads/Ven-Barbershop/vendor/laravel/framework/src/Illuminate/Routing/Route.php(259): Illuminate\\Routing\\ControllerDispatcher->dispatch(Object(Illuminate\\Routing\\Route), Object(App\\Http\\Controllers\\Api\\ReservationController), 'store')
#9 /Users/arsandiwirapanorama/Downloads/Ven-Barbershop/vendor/laravel/framework/src/Illuminate/Routing/Route.php(205): Illuminate\\Routing\\Route->runController()
#10 /Users/arsandiwirapanorama/Downloads/Ven-Barbershop/vendor/laravel/framework/src/Illuminate/Routing/Router.php(806): Illuminate\\Routing\\Route->run()
#11 /Users/arsandiwirapanorama/Downloads/Ven-Barbershop/vendor/laravel/framework/src/Illuminate/Pipeline/Pipeline.php(144): Illuminate\\Routing\\Router->Illuminate\\Routing\\{closure}(Object(Illuminate\\Http\\Request))
#12 /Users/arsandiwirapanorama/Downloads/Ven-Barbershop/vendor/laravel/framework/src/Illuminate/Routing/Middleware/SubstituteBindings.php(50): Illuminate\\Pipeline\\Pipeline->Illuminate\\Pipeline\\{closure}(Object(Illuminate\\Http\\Request))
#13 /Users/arsandiwirapanorama/Downloads/Ven-Barbershop/vendor/laravel/framework/src/Illuminate/Pipeline/Pipeline.php(183): Illuminate\\Routing\\Middleware\\SubstituteBindings->handle(Object(Illuminate\\Http\\Request), Object(Closure))
#14 /Users/arsandiwirapanorama/Downloads/Ven-Barbershop/vendor/laravel/framework/src/Illuminate/Routing/Middleware/ThrottleRequests.php(159): Illuminate\\Pipeline\\Pipeline->Illuminate\\Pipeline\\{closure}(Object(Illuminate\\Http\\Request))
#15 /Users/arsandiwirapanorama/Downloads/Ven-Barbershop/vendor/laravel/framework/src/Illuminate/Routing/Middleware/ThrottleRequests.php(125): Illuminate\\Routing\\Middleware\\ThrottleRequests->handleRequest(Object(Illuminate\\Http\\Request), Object(Closure), Array)
#16 /Users/arsandiwirapanorama/Downloads/Ven-Barbershop/vendor/laravel/framework/src/Illuminate/Routing/Middleware/ThrottleRequests.php(87): Illuminate\\Routing\\Middleware\\ThrottleRequests->handleRequestUsingNamedLimiter(Object(Illuminate\\Http\\Request), Object(Closure), 'api', Object(Closure))
#17 /Users/arsandiwirapanorama/Downloads/Ven-Barbershop/vendor/laravel/framework/src/Illuminate/Pipeline/Pipeline.php(183): Illuminate\\Routing\\Middleware\\ThrottleRequests->handle(Object(Illuminate\\Http\\Request), Object(Closure), 'api')
#18 /Users/arsandiwirapanorama/Downloads/Ven-Barbershop/vendor/laravel/framework/src/Illuminate/Pipeline/Pipeline.php(119): Illuminate\\Pipeline\\Pipeline->Illuminate\\Pipeline\\{closure}(Object(Illuminate\\Http\\Request))
#19 /Users/arsandiwirapanorama/Downloads/Ven-Barbershop/vendor/laravel/framework/src/Illuminate/Routing/Router.php(805): Illuminate\\Pipeline\\Pipeline->then(Object(Closure))
#20 /Users/arsandiwirapanorama/Downloads/Ven-Barbershop/vendor/laravel/framework/src/Illuminate/Routing/Router.php(784): Illuminate\\Routing\\Router->runRouteWithinStack(Object(Illuminate\\Routing\\Route), Object(Illuminate\\Http\\Request))
#21 /Users/arsandiwirapanorama/Downloads/Ven-Barbershop/vendor/laravel/framework/src/Illuminate/Routing/Router.php(748): Illuminate\\Routing\\Router->runRoute(Object(Illuminate\\Http\\Request), Object(Illuminate\\Routing\\Route))
#22 /Users/arsandiwirapanorama/Downloads/Ven-Barbershop/vendor/laravel/framework/src/Illuminate/Routing/Router.php(737): Illuminate\\Routing\\Router->dispatchToRoute(Object(Illuminate\\Http\\Request))
#23 /Users/arsandiwirapanorama/Downloads/Ven-Barbershop/vendor/laravel/framework/src/Illuminate/Foundation/Http/Kernel.php(200): Illuminate\\Routing\\Router->dispatch(Object(Illuminate\\Http\\Request))
#24 /Users/arsandiwirapanorama/Downloads/Ven-Barbershop/vendor/laravel/framework/src/Illuminate/Pipeline/Pipeline.php(144): Illuminate\\Foundation\\Http\\Kernel->Illuminate\\Foundation\\Http\\{closure}(Object(Illuminate\\Http\\Request))
#25 /Users/arsandiwirapanorama/Downloads/Ven-Barbershop/vendor/laravel/framework/src/Illuminate/Foundation/Http/Middleware/TransformsRequest.php(21): Illuminate\\Pipeline\\Pipeline->Illuminate\\Pipeline\\{closure}(Object(Illuminate\\Http\\Request))
#26 /Users/arsandiwirapanorama/Downloads/Ven-Barbershop/vendor/laravel/framework/src/Illuminate/Foundation/Http/Middleware/ConvertEmptyStringsToNull.php(31): Illuminate\\Foundation\\Http\\Middleware\\TransformsRequest->handle(Object(Illuminate\\Http\\Request), Object(Closure))
#27 /Users/arsandiwirapanorama/Downloads/Ven-Barbershop/vendor/laravel/framework/src/Illuminate/Pipeline/Pipeline.php(183): Illuminate\\Foundation\\Http\\Middleware\\ConvertEmptyStringsToNull->handle(Object(Illuminate\\Http\\Request), Object(Closure))
#28 /Users/arsandiwirapanorama/Downloads/Ven-Barbershop/vendor/laravel/framework/src/Illuminate/Foundation/Http/Middleware/TransformsRequest.php(21): Illuminate\\Pipeline\\Pipeline->Illuminate\\Pipeline\\{closure}(Object(Illuminate\\Http\\Request))
#29 /Users/arsandiwirapanorama/Downloads/Ven-Barbershop/vendor/laravel/framework/src/Illuminate/Foundation/Http/Middleware/TrimStrings.php(40): Illuminate\\Foundation\\Http\\Middleware\\TransformsRequest->handle(Object(Illuminate\\Http\\Request), Object(Closure))
#30 /Users/arsandiwirapanorama/Downloads/Ven-Barbershop/vendor/laravel/framework/src/Illuminate/Pipeline/Pipeline.php(183): Illuminate\\Foundation\\Http\\Middleware\\TrimStrings->handle(Object(Illuminate\\Http\\Request), Object(Closure))
#31 /Users/arsandiwirapanorama/Downloads/Ven-Barbershop/vendor/laravel/framework/src/Illuminate/Foundation/Http/Middleware/ValidatePostSize.php(27): Illuminate\\Pipeline\\Pipeline->Illuminate\\Pipeline\\{closure}(Object(Illuminate\\Http\\Request))
#32 /Users/arsandiwirapanorama/Downloads/Ven-Barbershop/vendor/laravel/framework/src/Illuminate/Pipeline/Pipeline.php(183): Illuminate\\Foundation\\Http\\Middleware\\ValidatePostSize->handle(Object(Illuminate\\Http\\Request), Object(Closure))
#33 /Users/arsandiwirapanorama/Downloads/Ven-Barbershop/vendor/laravel/framework/src/Illuminate/Foundation/Http/Middleware/PreventRequestsDuringMaintenance.php(99): Illuminate\\Pipeline\\Pipeline->Illuminate\\Pipeline\\{closure}(Object(Illuminate\\Http\\Request))
#34 /Users/arsandiwirapanorama/Downloads/Ven-Barbershop/vendor/laravel/framework/src/Illuminate/Pipeline/Pipeline.php(183): Illuminate\\Foundation\\Http\\Middleware\\PreventRequestsDuringMaintenance->handle(Object(Illuminate\\Http\\Request), Object(Closure))
#35 /Users/arsandiwirapanorama/Downloads/Ven-Barbershop/vendor/laravel/framework/src/Illuminate/Http/Middleware/HandleCors.php(62): Illuminate\\Pipeline\\Pipeline->Illuminate\\Pipeline\\{closure}(Object(Illuminate\\Http\\Request))
#36 /Users/arsandiwirapanorama/Downloads/Ven-Barbershop/vendor/laravel/framework/src/Illuminate/Pipeline/Pipeline.php(183): Illuminate\\Http\\Middleware\\HandleCors->handle(Object(Illuminate\\Http\\Request), Object(Closure))
#37 /Users/arsandiwirapanorama/Downloads/Ven-Barbershop/vendor/laravel/framework/src/Illuminate/Http/Middleware/TrustProxies.php(39): Illuminate\\Pipeline\\Pipeline->Illuminate\\Pipeline\\{closure}(Object(Illuminate\\Http\\Request))
#38 /Users/arsandiwirapanorama/Downloads/Ven-Barbershop/vendor/laravel/framework/src/Illuminate/Pipeline/Pipeline.php(183): Illuminate\\Http\\Middleware\\TrustProxies->handle(Object(Illuminate\\Http\\Request), Object(Closure))
#39 /Users/arsandiwirapanorama/Downloads/Ven-Barbershop/vendor/laravel/framework/src/Illuminate/Pipeline/Pipeline.php(119): Illuminate\\Pipeline\\Pipeline->Illuminate\\Pipeline\\{closure}(Object(Illuminate\\Http\\Request))
#40 /Users/arsandiwirapanorama/Downloads/Ven-Barbershop/vendor/laravel/framework/src/Illuminate/Foundation/Http/Kernel.php(175): Illuminate\\Pipeline\\Pipeline->then(Object(Closure))
#41 /Users/arsandiwirapanorama/Downloads/Ven-Barbershop/vendor/laravel/framework/src/Illuminate/Foundation/Http/Kernel.php(144): Illuminate\\Foundation\\Http\\Kernel->sendRequestThroughRouter(Object(Illuminate\\Http\\Request))
#42 /Users/arsandiwirapanorama/Downloads/Ven-Barbershop/public/index.php(51): Illuminate\\Foundation\\Http\\Kernel->handle(Object(Illuminate\\Http\\Request))
#43 /Users/arsandiwirapanorama/Downloads/Ven-Barbershop/vendor/laravel/framework/src/Illuminate/Foundation/resources/server.php(16): require_once('/Users/arsandiw...')
#44 {main}
"} 
[2025-06-19 16:32:09] local.ERROR: Cannot access offset of type string on string {"exception":"[object] (TypeError(code: 0): Cannot access offset of type string on string at /Users/arsandiwirapanorama/Downloads/Ven-Barbershop/app/Services/ReservationService.php:193)
[stacktrace]
#0 /Users/arsandiwirapanorama/Downloads/Ven-Barbershop/app/Services/ReservationService.php(79): App\\Services\\ReservationService->validateBarberAvailability(1, '2025-06-20', '09:00', Array)
#1 /Users/arsandiwirapanorama/Downloads/Ven-Barbershop/vendor/laravel/framework/src/Illuminate/Database/Concerns/ManagesTransactions.php(30): App\\Services\\ReservationService->App\\Services\\{closure}(Object(Illuminate\\Database\\MySqlConnection))
#2 /Users/arsandiwirapanorama/Downloads/Ven-Barbershop/vendor/laravel/framework/src/Illuminate/Database/DatabaseManager.php(509): Illuminate\\Database\\Connection->transaction(Object(Closure))
#3 /Users/arsandiwirapanorama/Downloads/Ven-Barbershop/vendor/laravel/framework/src/Illuminate/Support/Facades/Facade.php(355): Illuminate\\Database\\DatabaseManager->__call('transaction', Array)
#4 /Users/arsandiwirapanorama/Downloads/Ven-Barbershop/app/Services/ReservationService.php(77): Illuminate\\Support\\Facades\\Facade::__callStatic('transaction', Array)
#5 /Users/arsandiwirapanorama/Downloads/Ven-Barbershop/app/Http/Controllers/Api/ReservationController.php(52): App\\Services\\ReservationService->create(Array)
#6 /Users/arsandiwirapanorama/Downloads/Ven-Barbershop/vendor/laravel/framework/src/Illuminate/Routing/Controller.php(54): App\\Http\\Controllers\\Api\\ReservationController->store(Object(Illuminate\\Http\\Request))
#7 /Users/arsandiwirapanorama/Downloads/Ven-Barbershop/vendor/laravel/framework/src/Illuminate/Routing/ControllerDispatcher.php(43): Illuminate\\Routing\\Controller->callAction('store', Array)
#8 /Users/arsandiwirapanorama/Downloads/Ven-Barbershop/vendor/laravel/framework/src/Illuminate/Routing/Route.php(259): Illuminate\\Routing\\ControllerDispatcher->dispatch(Object(Illuminate\\Routing\\Route), Object(App\\Http\\Controllers\\Api\\ReservationController), 'store')
#9 /Users/arsandiwirapanorama/Downloads/Ven-Barbershop/vendor/laravel/framework/src/Illuminate/Routing/Route.php(205): Illuminate\\Routing\\Route->runController()
#10 /Users/arsandiwirapanorama/Downloads/Ven-Barbershop/vendor/laravel/framework/src/Illuminate/Routing/Router.php(806): Illuminate\\Routing\\Route->run()
#11 /Users/arsandiwirapanorama/Downloads/Ven-Barbershop/vendor/laravel/framework/src/Illuminate/Pipeline/Pipeline.php(144): Illuminate\\Routing\\Router->Illuminate\\Routing\\{closure}(Object(Illuminate\\Http\\Request))
#12 /Users/arsandiwirapanorama/Downloads/Ven-Barbershop/vendor/laravel/framework/src/Illuminate/Routing/Middleware/SubstituteBindings.php(50): Illuminate\\Pipeline\\Pipeline->Illuminate\\Pipeline\\{closure}(Object(Illuminate\\Http\\Request))
#13 /Users/arsandiwirapanorama/Downloads/Ven-Barbershop/vendor/laravel/framework/src/Illuminate/Pipeline/Pipeline.php(183): Illuminate\\Routing\\Middleware\\SubstituteBindings->handle(Object(Illuminate\\Http\\Request), Object(Closure))
#14 /Users/arsandiwirapanorama/Downloads/Ven-Barbershop/vendor/laravel/framework/src/Illuminate/Routing/Middleware/ThrottleRequests.php(159): Illuminate\\Pipeline\\Pipeline->Illuminate\\Pipeline\\{closure}(Object(Illuminate\\Http\\Request))
#15 /Users/arsandiwirapanorama/Downloads/Ven-Barbershop/vendor/laravel/framework/src/Illuminate/Routing/Middleware/ThrottleRequests.php(125): Illuminate\\Routing\\Middleware\\ThrottleRequests->handleRequest(Object(Illuminate\\Http\\Request), Object(Closure), Array)
#16 /Users/arsandiwirapanorama/Downloads/Ven-Barbershop/vendor/laravel/framework/src/Illuminate/Routing/Middleware/ThrottleRequests.php(87): Illuminate\\Routing\\Middleware\\ThrottleRequests->handleRequestUsingNamedLimiter(Object(Illuminate\\Http\\Request), Object(Closure), 'api', Object(Closure))
#17 /Users/arsandiwirapanorama/Downloads/Ven-Barbershop/vendor/laravel/framework/src/Illuminate/Pipeline/Pipeline.php(183): Illuminate\\Routing\\Middleware\\ThrottleRequests->handle(Object(Illuminate\\Http\\Request), Object(Closure), 'api')
#18 /Users/arsandiwirapanorama/Downloads/Ven-Barbershop/vendor/laravel/framework/src/Illuminate/Pipeline/Pipeline.php(119): Illuminate\\Pipeline\\Pipeline->Illuminate\\Pipeline\\{closure}(Object(Illuminate\\Http\\Request))
#19 /Users/arsandiwirapanorama/Downloads/Ven-Barbershop/vendor/laravel/framework/src/Illuminate/Routing/Router.php(805): Illuminate\\Pipeline\\Pipeline->then(Object(Closure))
#20 /Users/arsandiwirapanorama/Downloads/Ven-Barbershop/vendor/laravel/framework/src/Illuminate/Routing/Router.php(784): Illuminate\\Routing\\Router->runRouteWithinStack(Object(Illuminate\\Routing\\Route), Object(Illuminate\\Http\\Request))
#21 /Users/arsandiwirapanorama/Downloads/Ven-Barbershop/vendor/laravel/framework/src/Illuminate/Routing/Router.php(748): Illuminate\\Routing\\Router->runRoute(Object(Illuminate\\Http\\Request), Object(Illuminate\\Routing\\Route))
#22 /Users/arsandiwirapanorama/Downloads/Ven-Barbershop/vendor/laravel/framework/src/Illuminate/Routing/Router.php(737): Illuminate\\Routing\\Router->dispatchToRoute(Object(Illuminate\\Http\\Request))
#23 /Users/arsandiwirapanorama/Downloads/Ven-Barbershop/vendor/laravel/framework/src/Illuminate/Foundation/Http/Kernel.php(200): Illuminate\\Routing\\Router->dispatch(Object(Illuminate\\Http\\Request))
#24 /Users/arsandiwirapanorama/Downloads/Ven-Barbershop/vendor/laravel/framework/src/Illuminate/Pipeline/Pipeline.php(144): Illuminate\\Foundation\\Http\\Kernel->Illuminate\\Foundation\\Http\\{closure}(Object(Illuminate\\Http\\Request))
#25 /Users/arsandiwirapanorama/Downloads/Ven-Barbershop/vendor/laravel/framework/src/Illuminate/Foundation/Http/Middleware/TransformsRequest.php(21): Illuminate\\Pipeline\\Pipeline->Illuminate\\Pipeline\\{closure}(Object(Illuminate\\Http\\Request))
#26 /Users/arsandiwirapanorama/Downloads/Ven-Barbershop/vendor/laravel/framework/src/Illuminate/Foundation/Http/Middleware/ConvertEmptyStringsToNull.php(31): Illuminate\\Foundation\\Http\\Middleware\\TransformsRequest->handle(Object(Illuminate\\Http\\Request), Object(Closure))
#27 /Users/arsandiwirapanorama/Downloads/Ven-Barbershop/vendor/laravel/framework/src/Illuminate/Pipeline/Pipeline.php(183): Illuminate\\Foundation\\Http\\Middleware\\ConvertEmptyStringsToNull->handle(Object(Illuminate\\Http\\Request), Object(Closure))
#28 /Users/arsandiwirapanorama/Downloads/Ven-Barbershop/vendor/laravel/framework/src/Illuminate/Foundation/Http/Middleware/TransformsRequest.php(21): Illuminate\\Pipeline\\Pipeline->Illuminate\\Pipeline\\{closure}(Object(Illuminate\\Http\\Request))
#29 /Users/arsandiwirapanorama/Downloads/Ven-Barbershop/vendor/laravel/framework/src/Illuminate/Foundation/Http/Middleware/TrimStrings.php(40): Illuminate\\Foundation\\Http\\Middleware\\TransformsRequest->handle(Object(Illuminate\\Http\\Request), Object(Closure))
#30 /Users/arsandiwirapanorama/Downloads/Ven-Barbershop/vendor/laravel/framework/src/Illuminate/Pipeline/Pipeline.php(183): Illuminate\\Foundation\\Http\\Middleware\\TrimStrings->handle(Object(Illuminate\\Http\\Request), Object(Closure))
#31 /Users/arsandiwirapanorama/Downloads/Ven-Barbershop/vendor/laravel/framework/src/Illuminate/Foundation/Http/Middleware/ValidatePostSize.php(27): Illuminate\\Pipeline\\Pipeline->Illuminate\\Pipeline\\{closure}(Object(Illuminate\\Http\\Request))
#32 /Users/arsandiwirapanorama/Downloads/Ven-Barbershop/vendor/laravel/framework/src/Illuminate/Pipeline/Pipeline.php(183): Illuminate\\Foundation\\Http\\Middleware\\ValidatePostSize->handle(Object(Illuminate\\Http\\Request), Object(Closure))
#33 /Users/arsandiwirapanorama/Downloads/Ven-Barbershop/vendor/laravel/framework/src/Illuminate/Foundation/Http/Middleware/PreventRequestsDuringMaintenance.php(99): Illuminate\\Pipeline\\Pipeline->Illuminate\\Pipeline\\{closure}(Object(Illuminate\\Http\\Request))
#34 /Users/arsandiwirapanorama/Downloads/Ven-Barbershop/vendor/laravel/framework/src/Illuminate/Pipeline/Pipeline.php(183): Illuminate\\Foundation\\Http\\Middleware\\PreventRequestsDuringMaintenance->handle(Object(Illuminate\\Http\\Request), Object(Closure))
#35 /Users/arsandiwirapanorama/Downloads/Ven-Barbershop/vendor/laravel/framework/src/Illuminate/Http/Middleware/HandleCors.php(62): Illuminate\\Pipeline\\Pipeline->Illuminate\\Pipeline\\{closure}(Object(Illuminate\\Http\\Request))
#36 /Users/arsandiwirapanorama/Downloads/Ven-Barbershop/vendor/laravel/framework/src/Illuminate/Pipeline/Pipeline.php(183): Illuminate\\Http\\Middleware\\HandleCors->handle(Object(Illuminate\\Http\\Request), Object(Closure))
#37 /Users/arsandiwirapanorama/Downloads/Ven-Barbershop/vendor/laravel/framework/src/Illuminate/Http/Middleware/TrustProxies.php(39): Illuminate\\Pipeline\\Pipeline->Illuminate\\Pipeline\\{closure}(Object(Illuminate\\Http\\Request))
#38 /Users/arsandiwirapanorama/Downloads/Ven-Barbershop/vendor/laravel/framework/src/Illuminate/Pipeline/Pipeline.php(183): Illuminate\\Http\\Middleware\\TrustProxies->handle(Object(Illuminate\\Http\\Request), Object(Closure))
#39 /Users/arsandiwirapanorama/Downloads/Ven-Barbershop/vendor/laravel/framework/src/Illuminate/Pipeline/Pipeline.php(119): Illuminate\\Pipeline\\Pipeline->Illuminate\\Pipeline\\{closure}(Object(Illuminate\\Http\\Request))
#40 /Users/arsandiwirapanorama/Downloads/Ven-Barbershop/vendor/laravel/framework/src/Illuminate/Foundation/Http/Kernel.php(175): Illuminate\\Pipeline\\Pipeline->then(Object(Closure))
#41 /Users/arsandiwirapanorama/Downloads/Ven-Barbershop/vendor/laravel/framework/src/Illuminate/Foundation/Http/Kernel.php(144): Illuminate\\Foundation\\Http\\Kernel->sendRequestThroughRouter(Object(Illuminate\\Http\\Request))
#42 /Users/arsandiwirapanorama/Downloads/Ven-Barbershop/public/index.php(51): Illuminate\\Foundation\\Http\\Kernel->handle(Object(Illuminate\\Http\\Request))
#43 /Users/arsandiwirapanorama/Downloads/Ven-Barbershop/vendor/laravel/framework/src/Illuminate/Foundation/resources/server.php(16): require_once('/Users/arsandiw...')
#44 {main}
"} 
[2025-06-19 16:39:11] local.ERROR: Could not parse '2025-06-20 2025-06-19 09:00:00': Failed to parse time string (2025-06-20 2025-06-19 09:00:00) at position 11 (2): Double date specification {"exception":"[object] (Carbon\\Exceptions\\InvalidFormatException(code: 0): Could not parse '2025-06-20 2025-06-19 09:00:00': Failed to parse time string (2025-06-20 2025-06-19 09:00:00) at position 11 (2): Double date specification at /Users/arsandiwirapanorama/Downloads/Ven-Barbershop/vendor/nesbot/carbon/src/Carbon/Traits/Creator.php:198)
[stacktrace]
#0 /Users/arsandiwirapanorama/Downloads/Ven-Barbershop/vendor/nesbot/carbon/src/Carbon/Traits/Creator.php(224): Carbon\\Carbon::rawParse('2025-06-20 2025...', NULL)
#1 /Users/arsandiwirapanorama/Downloads/Ven-Barbershop/app/Services/ReservationService.php(256): Carbon\\Carbon::parse('2025-06-20 2025...')
#2 /Users/arsandiwirapanorama/Downloads/Ven-Barbershop/app/Http/Controllers/Api/ReservationController.php(134): App\\Services\\ReservationService->getAvailableTimeSlots(1, '2025-06-20', Array)
#3 /Users/arsandiwirapanorama/Downloads/Ven-Barbershop/vendor/laravel/framework/src/Illuminate/Routing/Controller.php(54): App\\Http\\Controllers\\Api\\ReservationController->checkAvailability(Object(Illuminate\\Http\\Request))
#4 /Users/arsandiwirapanorama/Downloads/Ven-Barbershop/vendor/laravel/framework/src/Illuminate/Routing/ControllerDispatcher.php(43): Illuminate\\Routing\\Controller->callAction('checkAvailabili...', Array)
#5 /Users/arsandiwirapanorama/Downloads/Ven-Barbershop/vendor/laravel/framework/src/Illuminate/Routing/Route.php(259): Illuminate\\Routing\\ControllerDispatcher->dispatch(Object(Illuminate\\Routing\\Route), Object(App\\Http\\Controllers\\Api\\ReservationController), 'checkAvailabili...')
#6 /Users/arsandiwirapanorama/Downloads/Ven-Barbershop/vendor/laravel/framework/src/Illuminate/Routing/Route.php(205): Illuminate\\Routing\\Route->runController()
#7 /Users/arsandiwirapanorama/Downloads/Ven-Barbershop/vendor/laravel/framework/src/Illuminate/Routing/Router.php(806): Illuminate\\Routing\\Route->run()
#8 /Users/arsandiwirapanorama/Downloads/Ven-Barbershop/vendor/laravel/framework/src/Illuminate/Pipeline/Pipeline.php(144): Illuminate\\Routing\\Router->Illuminate\\Routing\\{closure}(Object(Illuminate\\Http\\Request))
#9 /Users/arsandiwirapanorama/Downloads/Ven-Barbershop/vendor/laravel/framework/src/Illuminate/Routing/Middleware/SubstituteBindings.php(50): Illuminate\\Pipeline\\Pipeline->Illuminate\\Pipeline\\{closure}(Object(Illuminate\\Http\\Request))
#10 /Users/arsandiwirapanorama/Downloads/Ven-Barbershop/vendor/laravel/framework/src/Illuminate/Pipeline/Pipeline.php(183): Illuminate\\Routing\\Middleware\\SubstituteBindings->handle(Object(Illuminate\\Http\\Request), Object(Closure))
#11 /Users/arsandiwirapanorama/Downloads/Ven-Barbershop/vendor/laravel/framework/src/Illuminate/Routing/Middleware/ThrottleRequests.php(159): Illuminate\\Pipeline\\Pipeline->Illuminate\\Pipeline\\{closure}(Object(Illuminate\\Http\\Request))
#12 /Users/arsandiwirapanorama/Downloads/Ven-Barbershop/vendor/laravel/framework/src/Illuminate/Routing/Middleware/ThrottleRequests.php(125): Illuminate\\Routing\\Middleware\\ThrottleRequests->handleRequest(Object(Illuminate\\Http\\Request), Object(Closure), Array)
#13 /Users/arsandiwirapanorama/Downloads/Ven-Barbershop/vendor/laravel/framework/src/Illuminate/Routing/Middleware/ThrottleRequests.php(87): Illuminate\\Routing\\Middleware\\ThrottleRequests->handleRequestUsingNamedLimiter(Object(Illuminate\\Http\\Request), Object(Closure), 'api', Object(Closure))
#14 /Users/arsandiwirapanorama/Downloads/Ven-Barbershop/vendor/laravel/framework/src/Illuminate/Pipeline/Pipeline.php(183): Illuminate\\Routing\\Middleware\\ThrottleRequests->handle(Object(Illuminate\\Http\\Request), Object(Closure), 'api')
#15 /Users/arsandiwirapanorama/Downloads/Ven-Barbershop/vendor/laravel/framework/src/Illuminate/Pipeline/Pipeline.php(119): Illuminate\\Pipeline\\Pipeline->Illuminate\\Pipeline\\{closure}(Object(Illuminate\\Http\\Request))
#16 /Users/arsandiwirapanorama/Downloads/Ven-Barbershop/vendor/laravel/framework/src/Illuminate/Routing/Router.php(805): Illuminate\\Pipeline\\Pipeline->then(Object(Closure))
#17 /Users/arsandiwirapanorama/Downloads/Ven-Barbershop/vendor/laravel/framework/src/Illuminate/Routing/Router.php(784): Illuminate\\Routing\\Router->runRouteWithinStack(Object(Illuminate\\Routing\\Route), Object(Illuminate\\Http\\Request))
#18 /Users/arsandiwirapanorama/Downloads/Ven-Barbershop/vendor/laravel/framework/src/Illuminate/Routing/Router.php(748): Illuminate\\Routing\\Router->runRoute(Object(Illuminate\\Http\\Request), Object(Illuminate\\Routing\\Route))
#19 /Users/arsandiwirapanorama/Downloads/Ven-Barbershop/vendor/laravel/framework/src/Illuminate/Routing/Router.php(737): Illuminate\\Routing\\Router->dispatchToRoute(Object(Illuminate\\Http\\Request))
#20 /Users/arsandiwirapanorama/Downloads/Ven-Barbershop/vendor/laravel/framework/src/Illuminate/Foundation/Http/Kernel.php(200): Illuminate\\Routing\\Router->dispatch(Object(Illuminate\\Http\\Request))
#21 /Users/arsandiwirapanorama/Downloads/Ven-Barbershop/vendor/laravel/framework/src/Illuminate/Pipeline/Pipeline.php(144): Illuminate\\Foundation\\Http\\Kernel->Illuminate\\Foundation\\Http\\{closure}(Object(Illuminate\\Http\\Request))
#22 /Users/arsandiwirapanorama/Downloads/Ven-Barbershop/vendor/laravel/framework/src/Illuminate/Foundation/Http/Middleware/TransformsRequest.php(21): Illuminate\\Pipeline\\Pipeline->Illuminate\\Pipeline\\{closure}(Object(Illuminate\\Http\\Request))
#23 /Users/arsandiwirapanorama/Downloads/Ven-Barbershop/vendor/laravel/framework/src/Illuminate/Foundation/Http/Middleware/ConvertEmptyStringsToNull.php(31): Illuminate\\Foundation\\Http\\Middleware\\TransformsRequest->handle(Object(Illuminate\\Http\\Request), Object(Closure))
#24 /Users/arsandiwirapanorama/Downloads/Ven-Barbershop/vendor/laravel/framework/src/Illuminate/Pipeline/Pipeline.php(183): Illuminate\\Foundation\\Http\\Middleware\\ConvertEmptyStringsToNull->handle(Object(Illuminate\\Http\\Request), Object(Closure))
#25 /Users/arsandiwirapanorama/Downloads/Ven-Barbershop/vendor/laravel/framework/src/Illuminate/Foundation/Http/Middleware/TransformsRequest.php(21): Illuminate\\Pipeline\\Pipeline->Illuminate\\Pipeline\\{closure}(Object(Illuminate\\Http\\Request))
#26 /Users/arsandiwirapanorama/Downloads/Ven-Barbershop/vendor/laravel/framework/src/Illuminate/Foundation/Http/Middleware/TrimStrings.php(40): Illuminate\\Foundation\\Http\\Middleware\\TransformsRequest->handle(Object(Illuminate\\Http\\Request), Object(Closure))
#27 /Users/arsandiwirapanorama/Downloads/Ven-Barbershop/vendor/laravel/framework/src/Illuminate/Pipeline/Pipeline.php(183): Illuminate\\Foundation\\Http\\Middleware\\TrimStrings->handle(Object(Illuminate\\Http\\Request), Object(Closure))
#28 /Users/arsandiwirapanorama/Downloads/Ven-Barbershop/vendor/laravel/framework/src/Illuminate/Foundation/Http/Middleware/ValidatePostSize.php(27): Illuminate\\Pipeline\\Pipeline->Illuminate\\Pipeline\\{closure}(Object(Illuminate\\Http\\Request))
#29 /Users/arsandiwirapanorama/Downloads/Ven-Barbershop/vendor/laravel/framework/src/Illuminate/Pipeline/Pipeline.php(183): Illuminate\\Foundation\\Http\\Middleware\\ValidatePostSize->handle(Object(Illuminate\\Http\\Request), Object(Closure))
#30 /Users/arsandiwirapanorama/Downloads/Ven-Barbershop/vendor/laravel/framework/src/Illuminate/Foundation/Http/Middleware/PreventRequestsDuringMaintenance.php(99): Illuminate\\Pipeline\\Pipeline->Illuminate\\Pipeline\\{closure}(Object(Illuminate\\Http\\Request))
#31 /Users/arsandiwirapanorama/Downloads/Ven-Barbershop/vendor/laravel/framework/src/Illuminate/Pipeline/Pipeline.php(183): Illuminate\\Foundation\\Http\\Middleware\\PreventRequestsDuringMaintenance->handle(Object(Illuminate\\Http\\Request), Object(Closure))
#32 /Users/arsandiwirapanorama/Downloads/Ven-Barbershop/vendor/laravel/framework/src/Illuminate/Http/Middleware/HandleCors.php(62): Illuminate\\Pipeline\\Pipeline->Illuminate\\Pipeline\\{closure}(Object(Illuminate\\Http\\Request))
#33 /Users/arsandiwirapanorama/Downloads/Ven-Barbershop/vendor/laravel/framework/src/Illuminate/Pipeline/Pipeline.php(183): Illuminate\\Http\\Middleware\\HandleCors->handle(Object(Illuminate\\Http\\Request), Object(Closure))
#34 /Users/arsandiwirapanorama/Downloads/Ven-Barbershop/vendor/laravel/framework/src/Illuminate/Http/Middleware/TrustProxies.php(39): Illuminate\\Pipeline\\Pipeline->Illuminate\\Pipeline\\{closure}(Object(Illuminate\\Http\\Request))
#35 /Users/arsandiwirapanorama/Downloads/Ven-Barbershop/vendor/laravel/framework/src/Illuminate/Pipeline/Pipeline.php(183): Illuminate\\Http\\Middleware\\TrustProxies->handle(Object(Illuminate\\Http\\Request), Object(Closure))
#36 /Users/arsandiwirapanorama/Downloads/Ven-Barbershop/vendor/laravel/framework/src/Illuminate/Pipeline/Pipeline.php(119): Illuminate\\Pipeline\\Pipeline->Illuminate\\Pipeline\\{closure}(Object(Illuminate\\Http\\Request))
#37 /Users/arsandiwirapanorama/Downloads/Ven-Barbershop/vendor/laravel/framework/src/Illuminate/Foundation/Http/Kernel.php(175): Illuminate\\Pipeline\\Pipeline->then(Object(Closure))
#38 /Users/arsandiwirapanorama/Downloads/Ven-Barbershop/vendor/laravel/framework/src/Illuminate/Foundation/Http/Kernel.php(144): Illuminate\\Foundation\\Http\\Kernel->sendRequestThroughRouter(Object(Illuminate\\Http\\Request))
#39 /Users/arsandiwirapanorama/Downloads/Ven-Barbershop/public/index.php(51): Illuminate\\Foundation\\Http\\Kernel->handle(Object(Illuminate\\Http\\Request))
#40 /Users/arsandiwirapanorama/Downloads/Ven-Barbershop/vendor/laravel/framework/src/Illuminate/Foundation/resources/server.php(16): require_once('/Users/arsandiw...')
#41 {main}

[previous exception] [object] (Carbon\\Exceptions\\InvalidFormatException(code: 0): Failed to parse time string (2025-06-20 2025-06-19 09:00:00) at position 11 (2): Double date specification at /Users/arsandiwirapanorama/Downloads/Ven-Barbershop/vendor/nesbot/carbon/src/Carbon/Traits/Creator.php:91)
[stacktrace]
#0 /Users/arsandiwirapanorama/Downloads/Ven-Barbershop/vendor/nesbot/carbon/src/Carbon/Traits/Creator.php(187): Carbon\\Carbon->__construct('2025-06-20 2025...', NULL)
#1 /Users/arsandiwirapanorama/Downloads/Ven-Barbershop/vendor/nesbot/carbon/src/Carbon/Traits/Creator.php(224): Carbon\\Carbon::rawParse('2025-06-20 2025...', NULL)
#2 /Users/arsandiwirapanorama/Downloads/Ven-Barbershop/app/Services/ReservationService.php(256): Carbon\\Carbon::parse('2025-06-20 2025...')
#3 /Users/arsandiwirapanorama/Downloads/Ven-Barbershop/app/Http/Controllers/Api/ReservationController.php(134): App\\Services\\ReservationService->getAvailableTimeSlots(1, '2025-06-20', Array)
#4 /Users/arsandiwirapanorama/Downloads/Ven-Barbershop/vendor/laravel/framework/src/Illuminate/Routing/Controller.php(54): App\\Http\\Controllers\\Api\\ReservationController->checkAvailability(Object(Illuminate\\Http\\Request))
#5 /Users/arsandiwirapanorama/Downloads/Ven-Barbershop/vendor/laravel/framework/src/Illuminate/Routing/ControllerDispatcher.php(43): Illuminate\\Routing\\Controller->callAction('checkAvailabili...', Array)
#6 /Users/arsandiwirapanorama/Downloads/Ven-Barbershop/vendor/laravel/framework/src/Illuminate/Routing/Route.php(259): Illuminate\\Routing\\ControllerDispatcher->dispatch(Object(Illuminate\\Routing\\Route), Object(App\\Http\\Controllers\\Api\\ReservationController), 'checkAvailabili...')
#7 /Users/arsandiwirapanorama/Downloads/Ven-Barbershop/vendor/laravel/framework/src/Illuminate/Routing/Route.php(205): Illuminate\\Routing\\Route->runController()
#8 /Users/arsandiwirapanorama/Downloads/Ven-Barbershop/vendor/laravel/framework/src/Illuminate/Routing/Router.php(806): Illuminate\\Routing\\Route->run()
#9 /Users/arsandiwirapanorama/Downloads/Ven-Barbershop/vendor/laravel/framework/src/Illuminate/Pipeline/Pipeline.php(144): Illuminate\\Routing\\Router->Illuminate\\Routing\\{closure}(Object(Illuminate\\Http\\Request))
#10 /Users/arsandiwirapanorama/Downloads/Ven-Barbershop/vendor/laravel/framework/src/Illuminate/Routing/Middleware/SubstituteBindings.php(50): Illuminate\\Pipeline\\Pipeline->Illuminate\\Pipeline\\{closure}(Object(Illuminate\\Http\\Request))
#11 /Users/arsandiwirapanorama/Downloads/Ven-Barbershop/vendor/laravel/framework/src/Illuminate/Pipeline/Pipeline.php(183): Illuminate\\Routing\\Middleware\\SubstituteBindings->handle(Object(Illuminate\\Http\\Request), Object(Closure))
#12 /Users/arsandiwirapanorama/Downloads/Ven-Barbershop/vendor/laravel/framework/src/Illuminate/Routing/Middleware/ThrottleRequests.php(159): Illuminate\\Pipeline\\Pipeline->Illuminate\\Pipeline\\{closure}(Object(Illuminate\\Http\\Request))
#13 /Users/arsandiwirapanorama/Downloads/Ven-Barbershop/vendor/laravel/framework/src/Illuminate/Routing/Middleware/ThrottleRequests.php(125): Illuminate\\Routing\\Middleware\\ThrottleRequests->handleRequest(Object(Illuminate\\Http\\Request), Object(Closure), Array)
#14 /Users/arsandiwirapanorama/Downloads/Ven-Barbershop/vendor/laravel/framework/src/Illuminate/Routing/Middleware/ThrottleRequests.php(87): Illuminate\\Routing\\Middleware\\ThrottleRequests->handleRequestUsingNamedLimiter(Object(Illuminate\\Http\\Request), Object(Closure), 'api', Object(Closure))
#15 /Users/arsandiwirapanorama/Downloads/Ven-Barbershop/vendor/laravel/framework/src/Illuminate/Pipeline/Pipeline.php(183): Illuminate\\Routing\\Middleware\\ThrottleRequests->handle(Object(Illuminate\\Http\\Request), Object(Closure), 'api')
#16 /Users/arsandiwirapanorama/Downloads/Ven-Barbershop/vendor/laravel/framework/src/Illuminate/Pipeline/Pipeline.php(119): Illuminate\\Pipeline\\Pipeline->Illuminate\\Pipeline\\{closure}(Object(Illuminate\\Http\\Request))
#17 /Users/arsandiwirapanorama/Downloads/Ven-Barbershop/vendor/laravel/framework/src/Illuminate/Routing/Router.php(805): Illuminate\\Pipeline\\Pipeline->then(Object(Closure))
#18 /Users/arsandiwirapanorama/Downloads/Ven-Barbershop/vendor/laravel/framework/src/Illuminate/Routing/Router.php(784): Illuminate\\Routing\\Router->runRouteWithinStack(Object(Illuminate\\Routing\\Route), Object(Illuminate\\Http\\Request))
#19 /Users/arsandiwirapanorama/Downloads/Ven-Barbershop/vendor/laravel/framework/src/Illuminate/Routing/Router.php(748): Illuminate\\Routing\\Router->runRoute(Object(Illuminate\\Http\\Request), Object(Illuminate\\Routing\\Route))
#20 /Users/arsandiwirapanorama/Downloads/Ven-Barbershop/vendor/laravel/framework/src/Illuminate/Routing/Router.php(737): Illuminate\\Routing\\Router->dispatchToRoute(Object(Illuminate\\Http\\Request))
#21 /Users/arsandiwirapanorama/Downloads/Ven-Barbershop/vendor/laravel/framework/src/Illuminate/Foundation/Http/Kernel.php(200): Illuminate\\Routing\\Router->dispatch(Object(Illuminate\\Http\\Request))
#22 /Users/arsandiwirapanorama/Downloads/Ven-Barbershop/vendor/laravel/framework/src/Illuminate/Pipeline/Pipeline.php(144): Illuminate\\Foundation\\Http\\Kernel->Illuminate\\Foundation\\Http\\{closure}(Object(Illuminate\\Http\\Request))
#23 /Users/arsandiwirapanorama/Downloads/Ven-Barbershop/vendor/laravel/framework/src/Illuminate/Foundation/Http/Middleware/TransformsRequest.php(21): Illuminate\\Pipeline\\Pipeline->Illuminate\\Pipeline\\{closure}(Object(Illuminate\\Http\\Request))
#24 /Users/arsandiwirapanorama/Downloads/Ven-Barbershop/vendor/laravel/framework/src/Illuminate/Foundation/Http/Middleware/ConvertEmptyStringsToNull.php(31): Illuminate\\Foundation\\Http\\Middleware\\TransformsRequest->handle(Object(Illuminate\\Http\\Request), Object(Closure))
#25 /Users/arsandiwirapanorama/Downloads/Ven-Barbershop/vendor/laravel/framework/src/Illuminate/Pipeline/Pipeline.php(183): Illuminate\\Foundation\\Http\\Middleware\\ConvertEmptyStringsToNull->handle(Object(Illuminate\\Http\\Request), Object(Closure))
#26 /Users/arsandiwirapanorama/Downloads/Ven-Barbershop/vendor/laravel/framework/src/Illuminate/Foundation/Http/Middleware/TransformsRequest.php(21): Illuminate\\Pipeline\\Pipeline->Illuminate\\Pipeline\\{closure}(Object(Illuminate\\Http\\Request))
#27 /Users/arsandiwirapanorama/Downloads/Ven-Barbershop/vendor/laravel/framework/src/Illuminate/Foundation/Http/Middleware/TrimStrings.php(40): Illuminate\\Foundation\\Http\\Middleware\\TransformsRequest->handle(Object(Illuminate\\Http\\Request), Object(Closure))
#28 /Users/arsandiwirapanorama/Downloads/Ven-Barbershop/vendor/laravel/framework/src/Illuminate/Pipeline/Pipeline.php(183): Illuminate\\Foundation\\Http\\Middleware\\TrimStrings->handle(Object(Illuminate\\Http\\Request), Object(Closure))
#29 /Users/arsandiwirapanorama/Downloads/Ven-Barbershop/vendor/laravel/framework/src/Illuminate/Foundation/Http/Middleware/ValidatePostSize.php(27): Illuminate\\Pipeline\\Pipeline->Illuminate\\Pipeline\\{closure}(Object(Illuminate\\Http\\Request))
#30 /Users/arsandiwirapanorama/Downloads/Ven-Barbershop/vendor/laravel/framework/src/Illuminate/Pipeline/Pipeline.php(183): Illuminate\\Foundation\\Http\\Middleware\\ValidatePostSize->handle(Object(Illuminate\\Http\\Request), Object(Closure))
#31 /Users/arsandiwirapanorama/Downloads/Ven-Barbershop/vendor/laravel/framework/src/Illuminate/Foundation/Http/Middleware/PreventRequestsDuringMaintenance.php(99): Illuminate\\Pipeline\\Pipeline->Illuminate\\Pipeline\\{closure}(Object(Illuminate\\Http\\Request))
#32 /Users/arsandiwirapanorama/Downloads/Ven-Barbershop/vendor/laravel/framework/src/Illuminate/Pipeline/Pipeline.php(183): Illuminate\\Foundation\\Http\\Middleware\\PreventRequestsDuringMaintenance->handle(Object(Illuminate\\Http\\Request), Object(Closure))
#33 /Users/arsandiwirapanorama/Downloads/Ven-Barbershop/vendor/laravel/framework/src/Illuminate/Http/Middleware/HandleCors.php(62): Illuminate\\Pipeline\\Pipeline->Illuminate\\Pipeline\\{closure}(Object(Illuminate\\Http\\Request))
#34 /Users/arsandiwirapanorama/Downloads/Ven-Barbershop/vendor/laravel/framework/src/Illuminate/Pipeline/Pipeline.php(183): Illuminate\\Http\\Middleware\\HandleCors->handle(Object(Illuminate\\Http\\Request), Object(Closure))
#35 /Users/arsandiwirapanorama/Downloads/Ven-Barbershop/vendor/laravel/framework/src/Illuminate/Http/Middleware/TrustProxies.php(39): Illuminate\\Pipeline\\Pipeline->Illuminate\\Pipeline\\{closure}(Object(Illuminate\\Http\\Request))
#36 /Users/arsandiwirapanorama/Downloads/Ven-Barbershop/vendor/laravel/framework/src/Illuminate/Pipeline/Pipeline.php(183): Illuminate\\Http\\Middleware\\TrustProxies->handle(Object(Illuminate\\Http\\Request), Object(Closure))
#37 /Users/arsandiwirapanorama/Downloads/Ven-Barbershop/vendor/laravel/framework/src/Illuminate/Pipeline/Pipeline.php(119): Illuminate\\Pipeline\\Pipeline->Illuminate\\Pipeline\\{closure}(Object(Illuminate\\Http\\Request))
#38 /Users/arsandiwirapanorama/Downloads/Ven-Barbershop/vendor/laravel/framework/src/Illuminate/Foundation/Http/Kernel.php(175): Illuminate\\Pipeline\\Pipeline->then(Object(Closure))
#39 /Users/arsandiwirapanorama/Downloads/Ven-Barbershop/vendor/laravel/framework/src/Illuminate/Foundation/Http/Kernel.php(144): Illuminate\\Foundation\\Http\\Kernel->sendRequestThroughRouter(Object(Illuminate\\Http\\Request))
#40 /Users/arsandiwirapanorama/Downloads/Ven-Barbershop/public/index.php(51): Illuminate\\Foundation\\Http\\Kernel->handle(Object(Illuminate\\Http\\Request))
#41 /Users/arsandiwirapanorama/Downloads/Ven-Barbershop/vendor/laravel/framework/src/Illuminate/Foundation/resources/server.php(16): require_once('/Users/arsandiw...')
#42 {main}

[previous exception] [object] (Exception(code: 0): Failed to parse time string (2025-06-20 2025-06-19 09:00:00) at position 11 (2): Double date specification at /Users/arsandiwirapanorama/Downloads/Ven-Barbershop/vendor/nesbot/carbon/src/Carbon/Traits/Creator.php:89)
[stacktrace]
#0 /Users/arsandiwirapanorama/Downloads/Ven-Barbershop/vendor/nesbot/carbon/src/Carbon/Traits/Creator.php(89): DateTime->__construct('2025-06-20 2025...', Object(Carbon\\CarbonTimeZone))
#1 /Users/arsandiwirapanorama/Downloads/Ven-Barbershop/vendor/nesbot/carbon/src/Carbon/Traits/Creator.php(187): Carbon\\Carbon->__construct('2025-06-20 2025...', NULL)
#2 /Users/arsandiwirapanorama/Downloads/Ven-Barbershop/vendor/nesbot/carbon/src/Carbon/Traits/Creator.php(224): Carbon\\Carbon::rawParse('2025-06-20 2025...', NULL)
#3 /Users/arsandiwirapanorama/Downloads/Ven-Barbershop/app/Services/ReservationService.php(256): Carbon\\Carbon::parse('2025-06-20 2025...')
#4 /Users/arsandiwirapanorama/Downloads/Ven-Barbershop/app/Http/Controllers/Api/ReservationController.php(134): App\\Services\\ReservationService->getAvailableTimeSlots(1, '2025-06-20', Array)
#5 /Users/arsandiwirapanorama/Downloads/Ven-Barbershop/vendor/laravel/framework/src/Illuminate/Routing/Controller.php(54): App\\Http\\Controllers\\Api\\ReservationController->checkAvailability(Object(Illuminate\\Http\\Request))
#6 /Users/arsandiwirapanorama/Downloads/Ven-Barbershop/vendor/laravel/framework/src/Illuminate/Routing/ControllerDispatcher.php(43): Illuminate\\Routing\\Controller->callAction('checkAvailabili...', Array)
#7 /Users/arsandiwirapanorama/Downloads/Ven-Barbershop/vendor/laravel/framework/src/Illuminate/Routing/Route.php(259): Illuminate\\Routing\\ControllerDispatcher->dispatch(Object(Illuminate\\Routing\\Route), Object(App\\Http\\Controllers\\Api\\ReservationController), 'checkAvailabili...')
#8 /Users/arsandiwirapanorama/Downloads/Ven-Barbershop/vendor/laravel/framework/src/Illuminate/Routing/Route.php(205): Illuminate\\Routing\\Route->runController()
#9 /Users/arsandiwirapanorama/Downloads/Ven-Barbershop/vendor/laravel/framework/src/Illuminate/Routing/Router.php(806): Illuminate\\Routing\\Route->run()
#10 /Users/arsandiwirapanorama/Downloads/Ven-Barbershop/vendor/laravel/framework/src/Illuminate/Pipeline/Pipeline.php(144): Illuminate\\Routing\\Router->Illuminate\\Routing\\{closure}(Object(Illuminate\\Http\\Request))
#11 /Users/arsandiwirapanorama/Downloads/Ven-Barbershop/vendor/laravel/framework/src/Illuminate/Routing/Middleware/SubstituteBindings.php(50): Illuminate\\Pipeline\\Pipeline->Illuminate\\Pipeline\\{closure}(Object(Illuminate\\Http\\Request))
#12 /Users/arsandiwirapanorama/Downloads/Ven-Barbershop/vendor/laravel/framework/src/Illuminate/Pipeline/Pipeline.php(183): Illuminate\\Routing\\Middleware\\SubstituteBindings->handle(Object(Illuminate\\Http\\Request), Object(Closure))
#13 /Users/arsandiwirapanorama/Downloads/Ven-Barbershop/vendor/laravel/framework/src/Illuminate/Routing/Middleware/ThrottleRequests.php(159): Illuminate\\Pipeline\\Pipeline->Illuminate\\Pipeline\\{closure}(Object(Illuminate\\Http\\Request))
#14 /Users/arsandiwirapanorama/Downloads/Ven-Barbershop/vendor/laravel/framework/src/Illuminate/Routing/Middleware/ThrottleRequests.php(125): Illuminate\\Routing\\Middleware\\ThrottleRequests->handleRequest(Object(Illuminate\\Http\\Request), Object(Closure), Array)
#15 /Users/arsandiwirapanorama/Downloads/Ven-Barbershop/vendor/laravel/framework/src/Illuminate/Routing/Middleware/ThrottleRequests.php(87): Illuminate\\Routing\\Middleware\\ThrottleRequests->handleRequestUsingNamedLimiter(Object(Illuminate\\Http\\Request), Object(Closure), 'api', Object(Closure))
#16 /Users/arsandiwirapanorama/Downloads/Ven-Barbershop/vendor/laravel/framework/src/Illuminate/Pipeline/Pipeline.php(183): Illuminate\\Routing\\Middleware\\ThrottleRequests->handle(Object(Illuminate\\Http\\Request), Object(Closure), 'api')
#17 /Users/arsandiwirapanorama/Downloads/Ven-Barbershop/vendor/laravel/framework/src/Illuminate/Pipeline/Pipeline.php(119): Illuminate\\Pipeline\\Pipeline->Illuminate\\Pipeline\\{closure}(Object(Illuminate\\Http\\Request))
#18 /Users/arsandiwirapanorama/Downloads/Ven-Barbershop/vendor/laravel/framework/src/Illuminate/Routing/Router.php(805): Illuminate\\Pipeline\\Pipeline->then(Object(Closure))
#19 /Users/arsandiwirapanorama/Downloads/Ven-Barbershop/vendor/laravel/framework/src/Illuminate/Routing/Router.php(784): Illuminate\\Routing\\Router->runRouteWithinStack(Object(Illuminate\\Routing\\Route), Object(Illuminate\\Http\\Request))
#20 /Users/arsandiwirapanorama/Downloads/Ven-Barbershop/vendor/laravel/framework/src/Illuminate/Routing/Router.php(748): Illuminate\\Routing\\Router->runRoute(Object(Illuminate\\Http\\Request), Object(Illuminate\\Routing\\Route))
#21 /Users/arsandiwirapanorama/Downloads/Ven-Barbershop/vendor/laravel/framework/src/Illuminate/Routing/Router.php(737): Illuminate\\Routing\\Router->dispatchToRoute(Object(Illuminate\\Http\\Request))
#22 /Users/arsandiwirapanorama/Downloads/Ven-Barbershop/vendor/laravel/framework/src/Illuminate/Foundation/Http/Kernel.php(200): Illuminate\\Routing\\Router->dispatch(Object(Illuminate\\Http\\Request))
#23 /Users/arsandiwirapanorama/Downloads/Ven-Barbershop/vendor/laravel/framework/src/Illuminate/Pipeline/Pipeline.php(144): Illuminate\\Foundation\\Http\\Kernel->Illuminate\\Foundation\\Http\\{closure}(Object(Illuminate\\Http\\Request))
#24 /Users/arsandiwirapanorama/Downloads/Ven-Barbershop/vendor/laravel/framework/src/Illuminate/Foundation/Http/Middleware/TransformsRequest.php(21): Illuminate\\Pipeline\\Pipeline->Illuminate\\Pipeline\\{closure}(Object(Illuminate\\Http\\Request))
#25 /Users/arsandiwirapanorama/Downloads/Ven-Barbershop/vendor/laravel/framework/src/Illuminate/Foundation/Http/Middleware/ConvertEmptyStringsToNull.php(31): Illuminate\\Foundation\\Http\\Middleware\\TransformsRequest->handle(Object(Illuminate\\Http\\Request), Object(Closure))
#26 /Users/arsandiwirapanorama/Downloads/Ven-Barbershop/vendor/laravel/framework/src/Illuminate/Pipeline/Pipeline.php(183): Illuminate\\Foundation\\Http\\Middleware\\ConvertEmptyStringsToNull->handle(Object(Illuminate\\Http\\Request), Object(Closure))
#27 /Users/arsandiwirapanorama/Downloads/Ven-Barbershop/vendor/laravel/framework/src/Illuminate/Foundation/Http/Middleware/TransformsRequest.php(21): Illuminate\\Pipeline\\Pipeline->Illuminate\\Pipeline\\{closure}(Object(Illuminate\\Http\\Request))
#28 /Users/arsandiwirapanorama/Downloads/Ven-Barbershop/vendor/laravel/framework/src/Illuminate/Foundation/Http/Middleware/TrimStrings.php(40): Illuminate\\Foundation\\Http\\Middleware\\TransformsRequest->handle(Object(Illuminate\\Http\\Request), Object(Closure))
#29 /Users/arsandiwirapanorama/Downloads/Ven-Barbershop/vendor/laravel/framework/src/Illuminate/Pipeline/Pipeline.php(183): Illuminate\\Foundation\\Http\\Middleware\\TrimStrings->handle(Object(Illuminate\\Http\\Request), Object(Closure))
#30 /Users/arsandiwirapanorama/Downloads/Ven-Barbershop/vendor/laravel/framework/src/Illuminate/Foundation/Http/Middleware/ValidatePostSize.php(27): Illuminate\\Pipeline\\Pipeline->Illuminate\\Pipeline\\{closure}(Object(Illuminate\\Http\\Request))
#31 /Users/arsandiwirapanorama/Downloads/Ven-Barbershop/vendor/laravel/framework/src/Illuminate/Pipeline/Pipeline.php(183): Illuminate\\Foundation\\Http\\Middleware\\ValidatePostSize->handle(Object(Illuminate\\Http\\Request), Object(Closure))
#32 /Users/arsandiwirapanorama/Downloads/Ven-Barbershop/vendor/laravel/framework/src/Illuminate/Foundation/Http/Middleware/PreventRequestsDuringMaintenance.php(99): Illuminate\\Pipeline\\Pipeline->Illuminate\\Pipeline\\{closure}(Object(Illuminate\\Http\\Request))
#33 /Users/arsandiwirapanorama/Downloads/Ven-Barbershop/vendor/laravel/framework/src/Illuminate/Pipeline/Pipeline.php(183): Illuminate\\Foundation\\Http\\Middleware\\PreventRequestsDuringMaintenance->handle(Object(Illuminate\\Http\\Request), Object(Closure))
#34 /Users/arsandiwirapanorama/Downloads/Ven-Barbershop/vendor/laravel/framework/src/Illuminate/Http/Middleware/HandleCors.php(62): Illuminate\\Pipeline\\Pipeline->Illuminate\\Pipeline\\{closure}(Object(Illuminate\\Http\\Request))
#35 /Users/arsandiwirapanorama/Downloads/Ven-Barbershop/vendor/laravel/framework/src/Illuminate/Pipeline/Pipeline.php(183): Illuminate\\Http\\Middleware\\HandleCors->handle(Object(Illuminate\\Http\\Request), Object(Closure))
#36 /Users/arsandiwirapanorama/Downloads/Ven-Barbershop/vendor/laravel/framework/src/Illuminate/Http/Middleware/TrustProxies.php(39): Illuminate\\Pipeline\\Pipeline->Illuminate\\Pipeline\\{closure}(Object(Illuminate\\Http\\Request))
#37 /Users/arsandiwirapanorama/Downloads/Ven-Barbershop/vendor/laravel/framework/src/Illuminate/Pipeline/Pipeline.php(183): Illuminate\\Http\\Middleware\\TrustProxies->handle(Object(Illuminate\\Http\\Request), Object(Closure))
#38 /Users/arsandiwirapanorama/Downloads/Ven-Barbershop/vendor/laravel/framework/src/Illuminate/Pipeline/Pipeline.php(119): Illuminate\\Pipeline\\Pipeline->Illuminate\\Pipeline\\{closure}(Object(Illuminate\\Http\\Request))
#39 /Users/arsandiwirapanorama/Downloads/Ven-Barbershop/vendor/laravel/framework/src/Illuminate/Foundation/Http/Kernel.php(175): Illuminate\\Pipeline\\Pipeline->then(Object(Closure))
#40 /Users/arsandiwirapanorama/Downloads/Ven-Barbershop/vendor/laravel/framework/src/Illuminate/Foundation/Http/Kernel.php(144): Illuminate\\Foundation\\Http\\Kernel->sendRequestThroughRouter(Object(Illuminate\\Http\\Request))
#41 /Users/arsandiwirapanorama/Downloads/Ven-Barbershop/public/index.php(51): Illuminate\\Foundation\\Http\\Kernel->handle(Object(Illuminate\\Http\\Request))
#42 /Users/arsandiwirapanorama/Downloads/Ven-Barbershop/vendor/laravel/framework/src/Illuminate/Foundation/resources/server.php(16): require_once('/Users/arsandiw...')
#43 {main}
"} 
[2025-06-19 16:42:37] local.ERROR: Error parsing reservation time {"reservation_id":2,"reservation_time":"2025-06-19 09:00:00","end_time":"2025-06-19 09:15:00","error":"Could not parse '2025-06-20 2025-06-19 09:00:00': Failed to parse time string (2025-06-20 2025-06-19 09:00:00) at position 11 (2): Double date specification"} 
[2025-06-19 16:42:37] local.ERROR: Error parsing reservation time {"reservation_id":2,"reservation_time":"2025-06-19 09:00:00","end_time":"2025-06-19 09:15:00","error":"Could not parse '2025-06-20 2025-06-19 09:00:00': Failed to parse time string (2025-06-20 2025-06-19 09:00:00) at position 11 (2): Double date specification"} 
[2025-06-19 16:42:37] local.ERROR: Error parsing reservation time {"reservation_id":2,"reservation_time":"2025-06-19 09:00:00","end_time":"2025-06-19 09:15:00","error":"Could not parse '2025-06-20 2025-06-19 09:00:00': Failed to parse time string (2025-06-20 2025-06-19 09:00:00) at position 11 (2): Double date specification"} 
[2025-06-19 16:42:37] local.ERROR: Error parsing reservation time {"reservation_id":2,"reservation_time":"2025-06-19 09:00:00","end_time":"2025-06-19 09:15:00","error":"Could not parse '2025-06-20 2025-06-19 09:00:00': Failed to parse time string (2025-06-20 2025-06-19 09:00:00) at position 11 (2): Double date specification"} 
[2025-06-19 16:42:37] local.ERROR: Error parsing reservation time {"reservation_id":2,"reservation_time":"2025-06-19 09:00:00","end_time":"2025-06-19 09:15:00","error":"Could not parse '2025-06-20 2025-06-19 09:00:00': Failed to parse time string (2025-06-20 2025-06-19 09:00:00) at position 11 (2): Double date specification"} 
[2025-06-19 16:42:37] local.ERROR: Error parsing reservation time {"reservation_id":2,"reservation_time":"2025-06-19 09:00:00","end_time":"2025-06-19 09:15:00","error":"Could not parse '2025-06-20 2025-06-19 09:00:00': Failed to parse time string (2025-06-20 2025-06-19 09:00:00) at position 11 (2): Double date specification"} 
[2025-06-19 16:42:37] local.ERROR: Error parsing reservation time {"reservation_id":2,"reservation_time":"2025-06-19 09:00:00","end_time":"2025-06-19 09:15:00","error":"Could not parse '2025-06-20 2025-06-19 09:00:00': Failed to parse time string (2025-06-20 2025-06-19 09:00:00) at position 11 (2): Double date specification"} 
[2025-06-19 16:42:37] local.ERROR: Error parsing reservation time {"reservation_id":2,"reservation_time":"2025-06-19 09:00:00","end_time":"2025-06-19 09:15:00","error":"Could not parse '2025-06-20 2025-06-19 09:00:00': Failed to parse time string (2025-06-20 2025-06-19 09:00:00) at position 11 (2): Double date specification"} 
[2025-06-19 16:42:37] local.ERROR: Error parsing reservation time {"reservation_id":2,"reservation_time":"2025-06-19 09:00:00","end_time":"2025-06-19 09:15:00","error":"Could not parse '2025-06-20 2025-06-19 09:00:00': Failed to parse time string (2025-06-20 2025-06-19 09:00:00) at position 11 (2): Double date specification"} 
[2025-06-19 16:42:37] local.ERROR: Error parsing reservation time {"reservation_id":2,"reservation_time":"2025-06-19 09:00:00","end_time":"2025-06-19 09:15:00","error":"Could not parse '2025-06-20 2025-06-19 09:00:00': Failed to parse time string (2025-06-20 2025-06-19 09:00:00) at position 11 (2): Double date specification"} 
[2025-06-19 16:42:37] local.ERROR: Error parsing reservation time {"reservation_id":2,"reservation_time":"2025-06-19 09:00:00","end_time":"2025-06-19 09:15:00","error":"Could not parse '2025-06-20 2025-06-19 09:00:00': Failed to parse time string (2025-06-20 2025-06-19 09:00:00) at position 11 (2): Double date specification"} 
[2025-06-19 16:42:37] local.ERROR: Error parsing reservation time {"reservation_id":2,"reservation_time":"2025-06-19 09:00:00","end_time":"2025-06-19 09:15:00","error":"Could not parse '2025-06-20 2025-06-19 09:00:00': Failed to parse time string (2025-06-20 2025-06-19 09:00:00) at position 11 (2): Double date specification"} 
[2025-06-19 16:42:37] local.ERROR: Error parsing reservation time {"reservation_id":2,"reservation_time":"2025-06-19 09:00:00","end_time":"2025-06-19 09:15:00","error":"Could not parse '2025-06-20 2025-06-19 09:00:00': Failed to parse time string (2025-06-20 2025-06-19 09:00:00) at position 11 (2): Double date specification"} 
[2025-06-19 16:42:37] local.ERROR: Error parsing reservation time {"reservation_id":2,"reservation_time":"2025-06-19 09:00:00","end_time":"2025-06-19 09:15:00","error":"Could not parse '2025-06-20 2025-06-19 09:00:00': Failed to parse time string (2025-06-20 2025-06-19 09:00:00) at position 11 (2): Double date specification"} 
[2025-06-19 16:42:37] local.ERROR: Error parsing reservation time {"reservation_id":2,"reservation_time":"2025-06-19 09:00:00","end_time":"2025-06-19 09:15:00","error":"Could not parse '2025-06-20 2025-06-19 09:00:00': Failed to parse time string (2025-06-20 2025-06-19 09:00:00) at position 11 (2): Double date specification"} 
[2025-06-19 16:42:37] local.ERROR: Error parsing reservation time {"reservation_id":2,"reservation_time":"2025-06-19 09:00:00","end_time":"2025-06-19 09:15:00","error":"Could not parse '2025-06-20 2025-06-19 09:00:00': Failed to parse time string (2025-06-20 2025-06-19 09:00:00) at position 11 (2): Double date specification"} 
[2025-06-19 16:44:06] local.ERROR: Error parsing reservation time {"reservation_id":2,"reservation_time":"2025-06-19 09:00:00","end_time":"2025-06-19 09:15:00","error":"Could not parse '2025-06-20 2025-06-19 09:00:00': Failed to parse time string (2025-06-20 2025-06-19 09:00:00) at position 11 (2): Double date specification"} 
[2025-06-19 16:44:06] local.ERROR: Error parsing reservation time {"reservation_id":2,"reservation_time":"2025-06-19 09:00:00","end_time":"2025-06-19 09:15:00","error":"Could not parse '2025-06-20 2025-06-19 09:00:00': Failed to parse time string (2025-06-20 2025-06-19 09:00:00) at position 11 (2): Double date specification"} 
[2025-06-19 16:44:06] local.ERROR: Error parsing reservation time {"reservation_id":2,"reservation_time":"2025-06-19 09:00:00","end_time":"2025-06-19 09:15:00","error":"Could not parse '2025-06-20 2025-06-19 09:00:00': Failed to parse time string (2025-06-20 2025-06-19 09:00:00) at position 11 (2): Double date specification"} 
[2025-06-19 16:44:06] local.ERROR: Error parsing reservation time {"reservation_id":2,"reservation_time":"2025-06-19 09:00:00","end_time":"2025-06-19 09:15:00","error":"Could not parse '2025-06-20 2025-06-19 09:00:00': Failed to parse time string (2025-06-20 2025-06-19 09:00:00) at position 11 (2): Double date specification"} 
[2025-06-19 16:44:06] local.ERROR: Error parsing reservation time {"reservation_id":2,"reservation_time":"2025-06-19 09:00:00","end_time":"2025-06-19 09:15:00","error":"Could not parse '2025-06-20 2025-06-19 09:00:00': Failed to parse time string (2025-06-20 2025-06-19 09:00:00) at position 11 (2): Double date specification"} 
[2025-06-19 16:44:06] local.ERROR: Error parsing reservation time {"reservation_id":2,"reservation_time":"2025-06-19 09:00:00","end_time":"2025-06-19 09:15:00","error":"Could not parse '2025-06-20 2025-06-19 09:00:00': Failed to parse time string (2025-06-20 2025-06-19 09:00:00) at position 11 (2): Double date specification"} 
[2025-06-19 16:44:06] local.ERROR: Error parsing reservation time {"reservation_id":2,"reservation_time":"2025-06-19 09:00:00","end_time":"2025-06-19 09:15:00","error":"Could not parse '2025-06-20 2025-06-19 09:00:00': Failed to parse time string (2025-06-20 2025-06-19 09:00:00) at position 11 (2): Double date specification"} 
[2025-06-19 16:44:06] local.ERROR: Error parsing reservation time {"reservation_id":2,"reservation_time":"2025-06-19 09:00:00","end_time":"2025-06-19 09:15:00","error":"Could not parse '2025-06-20 2025-06-19 09:00:00': Failed to parse time string (2025-06-20 2025-06-19 09:00:00) at position 11 (2): Double date specification"} 
[2025-06-19 16:44:06] local.ERROR: Error parsing reservation time {"reservation_id":2,"reservation_time":"2025-06-19 09:00:00","end_time":"2025-06-19 09:15:00","error":"Could not parse '2025-06-20 2025-06-19 09:00:00': Failed to parse time string (2025-06-20 2025-06-19 09:00:00) at position 11 (2): Double date specification"} 
[2025-06-19 16:44:06] local.ERROR: Error parsing reservation time {"reservation_id":2,"reservation_time":"2025-06-19 09:00:00","end_time":"2025-06-19 09:15:00","error":"Could not parse '2025-06-20 2025-06-19 09:00:00': Failed to parse time string (2025-06-20 2025-06-19 09:00:00) at position 11 (2): Double date specification"} 
[2025-06-19 16:44:06] local.ERROR: Error parsing reservation time {"reservation_id":2,"reservation_time":"2025-06-19 09:00:00","end_time":"2025-06-19 09:15:00","error":"Could not parse '2025-06-20 2025-06-19 09:00:00': Failed to parse time string (2025-06-20 2025-06-19 09:00:00) at position 11 (2): Double date specification"} 
[2025-06-19 16:44:06] local.ERROR: Error parsing reservation time {"reservation_id":2,"reservation_time":"2025-06-19 09:00:00","end_time":"2025-06-19 09:15:00","error":"Could not parse '2025-06-20 2025-06-19 09:00:00': Failed to parse time string (2025-06-20 2025-06-19 09:00:00) at position 11 (2): Double date specification"} 
[2025-06-19 16:44:06] local.ERROR: Error parsing reservation time {"reservation_id":2,"reservation_time":"2025-06-19 09:00:00","end_time":"2025-06-19 09:15:00","error":"Could not parse '2025-06-20 2025-06-19 09:00:00': Failed to parse time string (2025-06-20 2025-06-19 09:00:00) at position 11 (2): Double date specification"} 
[2025-06-19 16:44:06] local.ERROR: Error parsing reservation time {"reservation_id":2,"reservation_time":"2025-06-19 09:00:00","end_time":"2025-06-19 09:15:00","error":"Could not parse '2025-06-20 2025-06-19 09:00:00': Failed to parse time string (2025-06-20 2025-06-19 09:00:00) at position 11 (2): Double date specification"} 
[2025-06-19 16:44:06] local.ERROR: Error parsing reservation time {"reservation_id":2,"reservation_time":"2025-06-19 09:00:00","end_time":"2025-06-19 09:15:00","error":"Could not parse '2025-06-20 2025-06-19 09:00:00': Failed to parse time string (2025-06-20 2025-06-19 09:00:00) at position 11 (2): Double date specification"} 
[2025-06-19 16:44:06] local.ERROR: Error parsing reservation time {"reservation_id":2,"reservation_time":"2025-06-19 09:00:00","end_time":"2025-06-19 09:15:00","error":"Could not parse '2025-06-20 2025-06-19 09:00:00': Failed to parse time string (2025-06-20 2025-06-19 09:00:00) at position 11 (2): Double date specification"} 
[2025-06-19 16:51:46] local.ERROR: Target class [Database\Seeders\BarberSeeder] does not exist. {"exception":"[object] (Illuminate\\Contracts\\Container\\BindingResolutionException(code: 0): Target class [Database\\Seeders\\BarberSeeder] does not exist. at /Users/arsandiwirapanorama/Downloads/Ven-Barbershop/vendor/laravel/framework/src/Illuminate/Container/Container.php:914)
[stacktrace]
#0 /Users/arsandiwirapanorama/Downloads/Ven-Barbershop/vendor/laravel/framework/src/Illuminate/Container/Container.php(795): Illuminate\\Container\\Container->build('Database\\\\Seeder...')
#1 /Users/arsandiwirapanorama/Downloads/Ven-Barbershop/vendor/laravel/framework/src/Illuminate/Foundation/Application.php(986): Illuminate\\Container\\Container->resolve('Database\\\\Seeder...', Array, true)
#2 /Users/arsandiwirapanorama/Downloads/Ven-Barbershop/vendor/laravel/framework/src/Illuminate/Container/Container.php(731): Illuminate\\Foundation\\Application->resolve('Database\\\\Seeder...', Array)
#3 /Users/arsandiwirapanorama/Downloads/Ven-Barbershop/vendor/laravel/framework/src/Illuminate/Foundation/Application.php(971): Illuminate\\Container\\Container->make('Database\\\\Seeder...', Array)
#4 /Users/arsandiwirapanorama/Downloads/Ven-Barbershop/vendor/laravel/framework/src/Illuminate/Database/Seeder.php(129): Illuminate\\Foundation\\Application->make('Database\\\\Seeder...')
#5 /Users/arsandiwirapanorama/Downloads/Ven-Barbershop/vendor/laravel/framework/src/Illuminate/Database/Seeder.php(48): Illuminate\\Database\\Seeder->resolve('Database\\\\Seeder...')
#6 /Users/arsandiwirapanorama/Downloads/Ven-Barbershop/database/seeders/DatabaseSeeder.php(15): Illuminate\\Database\\Seeder->call('Database\\\\Seeder...')
#7 /Users/arsandiwirapanorama/Downloads/Ven-Barbershop/vendor/laravel/framework/src/Illuminate/Container/BoundMethod.php(36): Database\\Seeders\\DatabaseSeeder->run()
#8 /Users/arsandiwirapanorama/Downloads/Ven-Barbershop/vendor/laravel/framework/src/Illuminate/Container/Util.php(41): Illuminate\\Container\\BoundMethod::Illuminate\\Container\\{closure}()
#9 /Users/arsandiwirapanorama/Downloads/Ven-Barbershop/vendor/laravel/framework/src/Illuminate/Container/BoundMethod.php(93): Illuminate\\Container\\Util::unwrapIfClosure(Object(Closure))
#10 /Users/arsandiwirapanorama/Downloads/Ven-Barbershop/vendor/laravel/framework/src/Illuminate/Container/BoundMethod.php(35): Illuminate\\Container\\BoundMethod::callBoundMethod(Object(Illuminate\\Foundation\\Application), Array, Object(Closure))
#11 /Users/arsandiwirapanorama/Downloads/Ven-Barbershop/vendor/laravel/framework/src/Illuminate/Container/Container.php(662): Illuminate\\Container\\BoundMethod::call(Object(Illuminate\\Foundation\\Application), Array, Array, NULL)
#12 /Users/arsandiwirapanorama/Downloads/Ven-Barbershop/vendor/laravel/framework/src/Illuminate/Database/Seeder.php(184): Illuminate\\Container\\Container->call(Array, Array)
#13 /Users/arsandiwirapanorama/Downloads/Ven-Barbershop/vendor/laravel/framework/src/Illuminate/Database/Seeder.php(193): Illuminate\\Database\\Seeder->Illuminate\\Database\\{closure}()
#14 /Users/arsandiwirapanorama/Downloads/Ven-Barbershop/vendor/laravel/framework/src/Illuminate/Database/Console/Seeds/SeedCommand.php(70): Illuminate\\Database\\Seeder->__invoke()
#15 /Users/arsandiwirapanorama/Downloads/Ven-Barbershop/vendor/laravel/framework/src/Illuminate/Database/Eloquent/Concerns/GuardsAttributes.php(155): Illuminate\\Database\\Console\\Seeds\\SeedCommand->Illuminate\\Database\\Console\\Seeds\\{closure}()
#16 /Users/arsandiwirapanorama/Downloads/Ven-Barbershop/vendor/laravel/framework/src/Illuminate/Database/Console/Seeds/SeedCommand.php(69): Illuminate\\Database\\Eloquent\\Model::unguarded(Object(Closure))
#17 /Users/arsandiwirapanorama/Downloads/Ven-Barbershop/vendor/laravel/framework/src/Illuminate/Container/BoundMethod.php(36): Illuminate\\Database\\Console\\Seeds\\SeedCommand->handle()
#18 /Users/arsandiwirapanorama/Downloads/Ven-Barbershop/vendor/laravel/framework/src/Illuminate/Container/Util.php(41): Illuminate\\Container\\BoundMethod::Illuminate\\Container\\{closure}()
#19 /Users/arsandiwirapanorama/Downloads/Ven-Barbershop/vendor/laravel/framework/src/Illuminate/Container/BoundMethod.php(93): Illuminate\\Container\\Util::unwrapIfClosure(Object(Closure))
#20 /Users/arsandiwirapanorama/Downloads/Ven-Barbershop/vendor/laravel/framework/src/Illuminate/Container/BoundMethod.php(35): Illuminate\\Container\\BoundMethod::callBoundMethod(Object(Illuminate\\Foundation\\Application), Array, Object(Closure))
#21 /Users/arsandiwirapanorama/Downloads/Ven-Barbershop/vendor/laravel/framework/src/Illuminate/Container/Container.php(662): Illuminate\\Container\\BoundMethod::call(Object(Illuminate\\Foundation\\Application), Array, Array, NULL)
#22 /Users/arsandiwirapanorama/Downloads/Ven-Barbershop/vendor/laravel/framework/src/Illuminate/Console/Command.php(211): Illuminate\\Container\\Container->call(Array)
#23 /Users/arsandiwirapanorama/Downloads/Ven-Barbershop/vendor/symfony/console/Command/Command.php(326): Illuminate\\Console\\Command->execute(Object(Symfony\\Component\\Console\\Input\\ArgvInput), Object(Illuminate\\Console\\OutputStyle))
#24 /Users/arsandiwirapanorama/Downloads/Ven-Barbershop/vendor/laravel/framework/src/Illuminate/Console/Command.php(180): Symfony\\Component\\Console\\Command\\Command->run(Object(Symfony\\Component\\Console\\Input\\ArgvInput), Object(Illuminate\\Console\\OutputStyle))
#25 /Users/arsandiwirapanorama/Downloads/Ven-Barbershop/vendor/symfony/console/Application.php(1096): Illuminate\\Console\\Command->run(Object(Symfony\\Component\\Console\\Input\\ArgvInput), Object(Symfony\\Component\\Console\\Output\\ConsoleOutput))
#26 /Users/arsandiwirapanorama/Downloads/Ven-Barbershop/vendor/symfony/console/Application.php(324): Symfony\\Component\\Console\\Application->doRunCommand(Object(Illuminate\\Database\\Console\\Seeds\\SeedCommand), Object(Symfony\\Component\\Console\\Input\\ArgvInput), Object(Symfony\\Component\\Console\\Output\\ConsoleOutput))
#27 /Users/arsandiwirapanorama/Downloads/Ven-Barbershop/vendor/symfony/console/Application.php(175): Symfony\\Component\\Console\\Application->doRun(Object(Symfony\\Component\\Console\\Input\\ArgvInput), Object(Symfony\\Component\\Console\\Output\\ConsoleOutput))
#28 /Users/arsandiwirapanorama/Downloads/Ven-Barbershop/vendor/laravel/framework/src/Illuminate/Foundation/Console/Kernel.php(201): Symfony\\Component\\Console\\Application->run(Object(Symfony\\Component\\Console\\Input\\ArgvInput), Object(Symfony\\Component\\Console\\Output\\ConsoleOutput))
#29 /Users/arsandiwirapanorama/Downloads/Ven-Barbershop/artisan(35): Illuminate\\Foundation\\Console\\Kernel->handle(Object(Symfony\\Component\\Console\\Input\\ArgvInput), Object(Symfony\\Component\\Console\\Output\\ConsoleOutput))
#30 {main}

[previous exception] [object] (ReflectionException(code: -1): Class \"Database\\Seeders\\BarberSeeder\" does not exist at /Users/arsandiwirapanorama/Downloads/Ven-Barbershop/vendor/laravel/framework/src/Illuminate/Container/Container.php:912)
[stacktrace]
#0 /Users/arsandiwirapanorama/Downloads/Ven-Barbershop/vendor/laravel/framework/src/Illuminate/Container/Container.php(912): ReflectionClass->__construct('Database\\\\Seeder...')
#1 /Users/arsandiwirapanorama/Downloads/Ven-Barbershop/vendor/laravel/framework/src/Illuminate/Container/Container.php(795): Illuminate\\Container\\Container->build('Database\\\\Seeder...')
#2 /Users/arsandiwirapanorama/Downloads/Ven-Barbershop/vendor/laravel/framework/src/Illuminate/Foundation/Application.php(986): Illuminate\\Container\\Container->resolve('Database\\\\Seeder...', Array, true)
#3 /Users/arsandiwirapanorama/Downloads/Ven-Barbershop/vendor/laravel/framework/src/Illuminate/Container/Container.php(731): Illuminate\\Foundation\\Application->resolve('Database\\\\Seeder...', Array)
#4 /Users/arsandiwirapanorama/Downloads/Ven-Barbershop/vendor/laravel/framework/src/Illuminate/Foundation/Application.php(971): Illuminate\\Container\\Container->make('Database\\\\Seeder...', Array)
#5 /Users/arsandiwirapanorama/Downloads/Ven-Barbershop/vendor/laravel/framework/src/Illuminate/Database/Seeder.php(129): Illuminate\\Foundation\\Application->make('Database\\\\Seeder...')
#6 /Users/arsandiwirapanorama/Downloads/Ven-Barbershop/vendor/laravel/framework/src/Illuminate/Database/Seeder.php(48): Illuminate\\Database\\Seeder->resolve('Database\\\\Seeder...')
#7 /Users/arsandiwirapanorama/Downloads/Ven-Barbershop/database/seeders/DatabaseSeeder.php(15): Illuminate\\Database\\Seeder->call('Database\\\\Seeder...')
#8 /Users/arsandiwirapanorama/Downloads/Ven-Barbershop/vendor/laravel/framework/src/Illuminate/Container/BoundMethod.php(36): Database\\Seeders\\DatabaseSeeder->run()
#9 /Users/arsandiwirapanorama/Downloads/Ven-Barbershop/vendor/laravel/framework/src/Illuminate/Container/Util.php(41): Illuminate\\Container\\BoundMethod::Illuminate\\Container\\{closure}()
#10 /Users/arsandiwirapanorama/Downloads/Ven-Barbershop/vendor/laravel/framework/src/Illuminate/Container/BoundMethod.php(93): Illuminate\\Container\\Util::unwrapIfClosure(Object(Closure))
#11 /Users/arsandiwirapanorama/Downloads/Ven-Barbershop/vendor/laravel/framework/src/Illuminate/Container/BoundMethod.php(35): Illuminate\\Container\\BoundMethod::callBoundMethod(Object(Illuminate\\Foundation\\Application), Array, Object(Closure))
#12 /Users/arsandiwirapanorama/Downloads/Ven-Barbershop/vendor/laravel/framework/src/Illuminate/Container/Container.php(662): Illuminate\\Container\\BoundMethod::call(Object(Illuminate\\Foundation\\Application), Array, Array, NULL)
#13 /Users/arsandiwirapanorama/Downloads/Ven-Barbershop/vendor/laravel/framework/src/Illuminate/Database/Seeder.php(184): Illuminate\\Container\\Container->call(Array, Array)
#14 /Users/arsandiwirapanorama/Downloads/Ven-Barbershop/vendor/laravel/framework/src/Illuminate/Database/Seeder.php(193): Illuminate\\Database\\Seeder->Illuminate\\Database\\{closure}()
#15 /Users/arsandiwirapanorama/Downloads/Ven-Barbershop/vendor/laravel/framework/src/Illuminate/Database/Console/Seeds/SeedCommand.php(70): Illuminate\\Database\\Seeder->__invoke()
#16 /Users/arsandiwirapanorama/Downloads/Ven-Barbershop/vendor/laravel/framework/src/Illuminate/Database/Eloquent/Concerns/GuardsAttributes.php(155): Illuminate\\Database\\Console\\Seeds\\SeedCommand->Illuminate\\Database\\Console\\Seeds\\{closure}()
#17 /Users/arsandiwirapanorama/Downloads/Ven-Barbershop/vendor/laravel/framework/src/Illuminate/Database/Console/Seeds/SeedCommand.php(69): Illuminate\\Database\\Eloquent\\Model::unguarded(Object(Closure))
#18 /Users/arsandiwirapanorama/Downloads/Ven-Barbershop/vendor/laravel/framework/src/Illuminate/Container/BoundMethod.php(36): Illuminate\\Database\\Console\\Seeds\\SeedCommand->handle()
#19 /Users/arsandiwirapanorama/Downloads/Ven-Barbershop/vendor/laravel/framework/src/Illuminate/Container/Util.php(41): Illuminate\\Container\\BoundMethod::Illuminate\\Container\\{closure}()
#20 /Users/arsandiwirapanorama/Downloads/Ven-Barbershop/vendor/laravel/framework/src/Illuminate/Container/BoundMethod.php(93): Illuminate\\Container\\Util::unwrapIfClosure(Object(Closure))
#21 /Users/arsandiwirapanorama/Downloads/Ven-Barbershop/vendor/laravel/framework/src/Illuminate/Container/BoundMethod.php(35): Illuminate\\Container\\BoundMethod::callBoundMethod(Object(Illuminate\\Foundation\\Application), Array, Object(Closure))
#22 /Users/arsandiwirapanorama/Downloads/Ven-Barbershop/vendor/laravel/framework/src/Illuminate/Container/Container.php(662): Illuminate\\Container\\BoundMethod::call(Object(Illuminate\\Foundation\\Application), Array, Array, NULL)
#23 /Users/arsandiwirapanorama/Downloads/Ven-Barbershop/vendor/laravel/framework/src/Illuminate/Console/Command.php(211): Illuminate\\Container\\Container->call(Array)
#24 /Users/arsandiwirapanorama/Downloads/Ven-Barbershop/vendor/symfony/console/Command/Command.php(326): Illuminate\\Console\\Command->execute(Object(Symfony\\Component\\Console\\Input\\ArgvInput), Object(Illuminate\\Console\\OutputStyle))
#25 /Users/arsandiwirapanorama/Downloads/Ven-Barbershop/vendor/laravel/framework/src/Illuminate/Console/Command.php(180): Symfony\\Component\\Console\\Command\\Command->run(Object(Symfony\\Component\\Console\\Input\\ArgvInput), Object(Illuminate\\Console\\OutputStyle))
#26 /Users/arsandiwirapanorama/Downloads/Ven-Barbershop/vendor/symfony/console/Application.php(1096): Illuminate\\Console\\Command->run(Object(Symfony\\Component\\Console\\Input\\ArgvInput), Object(Symfony\\Component\\Console\\Output\\ConsoleOutput))
#27 /Users/arsandiwirapanorama/Downloads/Ven-Barbershop/vendor/symfony/console/Application.php(324): Symfony\\Component\\Console\\Application->doRunCommand(Object(Illuminate\\Database\\Console\\Seeds\\SeedCommand), Object(Symfony\\Component\\Console\\Input\\ArgvInput), Object(Symfony\\Component\\Console\\Output\\ConsoleOutput))
#28 /Users/arsandiwirapanorama/Downloads/Ven-Barbershop/vendor/symfony/console/Application.php(175): Symfony\\Component\\Console\\Application->doRun(Object(Symfony\\Component\\Console\\Input\\ArgvInput), Object(Symfony\\Component\\Console\\Output\\ConsoleOutput))
#29 /Users/arsandiwirapanorama/Downloads/Ven-Barbershop/vendor/laravel/framework/src/Illuminate/Foundation/Console/Kernel.php(201): Symfony\\Component\\Console\\Application->run(Object(Symfony\\Component\\Console\\Input\\ArgvInput), Object(Symfony\\Component\\Console\\Output\\ConsoleOutput))
#30 /Users/arsandiwirapanorama/Downloads/Ven-Barbershop/artisan(35): Illuminate\\Foundation\\Console\\Kernel->handle(Object(Symfony\\Component\\Console\\Input\\ArgvInput), Object(Symfony\\Component\\Console\\Output\\ConsoleOutput))
#31 {main}
"} 
[2025-06-19 16:52:09] local.ERROR: SQLSTATE[42S22]: Column not found: 1054 Unknown column 'phone' in 'field list' (Connection: mysql, SQL: insert into `services` (`is_active`, `name`, `phone`, `specialty`, `user_id`, `working_hours`) values (1, Gen Z Barber, +6282293429192, Classic cuts, Beard styling, 2, ?)) {"exception":"[object] (Illuminate\\Database\\QueryException(code: 42S22): SQLSTATE[42S22]: Column not found: 1054 Unknown column 'phone' in 'field list' (Connection: mysql, SQL: insert into `services` (`is_active`, `name`, `phone`, `specialty`, `user_id`, `working_hours`) values (1, Gen Z Barber, +6282293429192, Classic cuts, Beard styling, 2, ?)) at /Users/arsandiwirapanorama/Downloads/Ven-Barbershop/vendor/laravel/framework/src/Illuminate/Database/Connection.php:829)
[stacktrace]
#0 /Users/arsandiwirapanorama/Downloads/Ven-Barbershop/vendor/laravel/framework/src/Illuminate/Database/Connection.php(783): Illuminate\\Database\\Connection->runQueryCallback('insert into `se...', Array, Object(Closure))
#1 /Users/arsandiwirapanorama/Downloads/Ven-Barbershop/vendor/laravel/framework/src/Illuminate/Database/MySqlConnection.php(34): Illuminate\\Database\\Connection->run('insert into `se...', Array, Object(Closure))
#2 /Users/arsandiwirapanorama/Downloads/Ven-Barbershop/vendor/laravel/framework/src/Illuminate/Database/Query/Builder.php(3498): Illuminate\\Database\\MySqlConnection->insert('insert into `se...', Array)
#3 /Users/arsandiwirapanorama/Downloads/Ven-Barbershop/database/seeders/BarberSeeder.php(13): Illuminate\\Database\\Query\\Builder->insert(Array)
#4 /Users/arsandiwirapanorama/Downloads/Ven-Barbershop/vendor/laravel/framework/src/Illuminate/Container/BoundMethod.php(36): Database\\Seeders\\BarberSeeder->run()
#5 /Users/arsandiwirapanorama/Downloads/Ven-Barbershop/vendor/laravel/framework/src/Illuminate/Container/Util.php(41): Illuminate\\Container\\BoundMethod::Illuminate\\Container\\{closure}()
#6 /Users/arsandiwirapanorama/Downloads/Ven-Barbershop/vendor/laravel/framework/src/Illuminate/Container/BoundMethod.php(93): Illuminate\\Container\\Util::unwrapIfClosure(Object(Closure))
#7 /Users/arsandiwirapanorama/Downloads/Ven-Barbershop/vendor/laravel/framework/src/Illuminate/Container/BoundMethod.php(35): Illuminate\\Container\\BoundMethod::callBoundMethod(Object(Illuminate\\Foundation\\Application), Array, Object(Closure))
#8 /Users/arsandiwirapanorama/Downloads/Ven-Barbershop/vendor/laravel/framework/src/Illuminate/Container/Container.php(662): Illuminate\\Container\\BoundMethod::call(Object(Illuminate\\Foundation\\Application), Array, Array, NULL)
#9 /Users/arsandiwirapanorama/Downloads/Ven-Barbershop/vendor/laravel/framework/src/Illuminate/Database/Seeder.php(184): Illuminate\\Container\\Container->call(Array, Array)
#10 /Users/arsandiwirapanorama/Downloads/Ven-Barbershop/vendor/laravel/framework/src/Illuminate/Database/Seeder.php(193): Illuminate\\Database\\Seeder->Illuminate\\Database\\{closure}()
#11 /Users/arsandiwirapanorama/Downloads/Ven-Barbershop/vendor/laravel/framework/src/Illuminate/Database/Seeder.php(61): Illuminate\\Database\\Seeder->__invoke(Array)
#12 /Users/arsandiwirapanorama/Downloads/Ven-Barbershop/database/seeders/DatabaseSeeder.php(15): Illuminate\\Database\\Seeder->call('Database\\\\Seeder...')
#13 /Users/arsandiwirapanorama/Downloads/Ven-Barbershop/vendor/laravel/framework/src/Illuminate/Container/BoundMethod.php(36): Database\\Seeders\\DatabaseSeeder->run()
#14 /Users/arsandiwirapanorama/Downloads/Ven-Barbershop/vendor/laravel/framework/src/Illuminate/Container/Util.php(41): Illuminate\\Container\\BoundMethod::Illuminate\\Container\\{closure}()
#15 /Users/arsandiwirapanorama/Downloads/Ven-Barbershop/vendor/laravel/framework/src/Illuminate/Container/BoundMethod.php(93): Illuminate\\Container\\Util::unwrapIfClosure(Object(Closure))
#16 /Users/arsandiwirapanorama/Downloads/Ven-Barbershop/vendor/laravel/framework/src/Illuminate/Container/BoundMethod.php(35): Illuminate\\Container\\BoundMethod::callBoundMethod(Object(Illuminate\\Foundation\\Application), Array, Object(Closure))
#17 /Users/arsandiwirapanorama/Downloads/Ven-Barbershop/vendor/laravel/framework/src/Illuminate/Container/Container.php(662): Illuminate\\Container\\BoundMethod::call(Object(Illuminate\\Foundation\\Application), Array, Array, NULL)
#18 /Users/arsandiwirapanorama/Downloads/Ven-Barbershop/vendor/laravel/framework/src/Illuminate/Database/Seeder.php(184): Illuminate\\Container\\Container->call(Array, Array)
#19 /Users/arsandiwirapanorama/Downloads/Ven-Barbershop/vendor/laravel/framework/src/Illuminate/Database/Seeder.php(193): Illuminate\\Database\\Seeder->Illuminate\\Database\\{closure}()
#20 /Users/arsandiwirapanorama/Downloads/Ven-Barbershop/vendor/laravel/framework/src/Illuminate/Database/Console/Seeds/SeedCommand.php(70): Illuminate\\Database\\Seeder->__invoke()
#21 /Users/arsandiwirapanorama/Downloads/Ven-Barbershop/vendor/laravel/framework/src/Illuminate/Database/Eloquent/Concerns/GuardsAttributes.php(155): Illuminate\\Database\\Console\\Seeds\\SeedCommand->Illuminate\\Database\\Console\\Seeds\\{closure}()
#22 /Users/arsandiwirapanorama/Downloads/Ven-Barbershop/vendor/laravel/framework/src/Illuminate/Database/Console/Seeds/SeedCommand.php(69): Illuminate\\Database\\Eloquent\\Model::unguarded(Object(Closure))
#23 /Users/arsandiwirapanorama/Downloads/Ven-Barbershop/vendor/laravel/framework/src/Illuminate/Container/BoundMethod.php(36): Illuminate\\Database\\Console\\Seeds\\SeedCommand->handle()
#24 /Users/arsandiwirapanorama/Downloads/Ven-Barbershop/vendor/laravel/framework/src/Illuminate/Container/Util.php(41): Illuminate\\Container\\BoundMethod::Illuminate\\Container\\{closure}()
#25 /Users/arsandiwirapanorama/Downloads/Ven-Barbershop/vendor/laravel/framework/src/Illuminate/Container/BoundMethod.php(93): Illuminate\\Container\\Util::unwrapIfClosure(Object(Closure))
#26 /Users/arsandiwirapanorama/Downloads/Ven-Barbershop/vendor/laravel/framework/src/Illuminate/Container/BoundMethod.php(35): Illuminate\\Container\\BoundMethod::callBoundMethod(Object(Illuminate\\Foundation\\Application), Array, Object(Closure))
#27 /Users/arsandiwirapanorama/Downloads/Ven-Barbershop/vendor/laravel/framework/src/Illuminate/Container/Container.php(662): Illuminate\\Container\\BoundMethod::call(Object(Illuminate\\Foundation\\Application), Array, Array, NULL)
#28 /Users/arsandiwirapanorama/Downloads/Ven-Barbershop/vendor/laravel/framework/src/Illuminate/Console/Command.php(211): Illuminate\\Container\\Container->call(Array)
#29 /Users/arsandiwirapanorama/Downloads/Ven-Barbershop/vendor/symfony/console/Command/Command.php(326): Illuminate\\Console\\Command->execute(Object(Symfony\\Component\\Console\\Input\\ArgvInput), Object(Illuminate\\Console\\OutputStyle))
#30 /Users/arsandiwirapanorama/Downloads/Ven-Barbershop/vendor/laravel/framework/src/Illuminate/Console/Command.php(180): Symfony\\Component\\Console\\Command\\Command->run(Object(Symfony\\Component\\Console\\Input\\ArgvInput), Object(Illuminate\\Console\\OutputStyle))
#31 /Users/arsandiwirapanorama/Downloads/Ven-Barbershop/vendor/symfony/console/Application.php(1096): Illuminate\\Console\\Command->run(Object(Symfony\\Component\\Console\\Input\\ArgvInput), Object(Symfony\\Component\\Console\\Output\\ConsoleOutput))
#32 /Users/arsandiwirapanorama/Downloads/Ven-Barbershop/vendor/symfony/console/Application.php(324): Symfony\\Component\\Console\\Application->doRunCommand(Object(Illuminate\\Database\\Console\\Seeds\\SeedCommand), Object(Symfony\\Component\\Console\\Input\\ArgvInput), Object(Symfony\\Component\\Console\\Output\\ConsoleOutput))
#33 /Users/arsandiwirapanorama/Downloads/Ven-Barbershop/vendor/symfony/console/Application.php(175): Symfony\\Component\\Console\\Application->doRun(Object(Symfony\\Component\\Console\\Input\\ArgvInput), Object(Symfony\\Component\\Console\\Output\\ConsoleOutput))
#34 /Users/arsandiwirapanorama/Downloads/Ven-Barbershop/vendor/laravel/framework/src/Illuminate/Foundation/Console/Kernel.php(201): Symfony\\Component\\Console\\Application->run(Object(Symfony\\Component\\Console\\Input\\ArgvInput), Object(Symfony\\Component\\Console\\Output\\ConsoleOutput))
#35 /Users/arsandiwirapanorama/Downloads/Ven-Barbershop/artisan(35): Illuminate\\Foundation\\Console\\Kernel->handle(Object(Symfony\\Component\\Console\\Input\\ArgvInput), Object(Symfony\\Component\\Console\\Output\\ConsoleOutput))
#36 {main}

[previous exception] [object] (PDOException(code: 42S22): SQLSTATE[42S22]: Column not found: 1054 Unknown column 'phone' in 'field list' at /Users/arsandiwirapanorama/Downloads/Ven-Barbershop/vendor/laravel/framework/src/Illuminate/Database/MySqlConnection.php:39)
[stacktrace]
#0 /Users/arsandiwirapanorama/Downloads/Ven-Barbershop/vendor/laravel/framework/src/Illuminate/Database/MySqlConnection.php(39): PDO->prepare('insert into `se...')
#1 /Users/arsandiwirapanorama/Downloads/Ven-Barbershop/vendor/laravel/framework/src/Illuminate/Database/Connection.php(816): Illuminate\\Database\\MySqlConnection->Illuminate\\Database\\{closure}('insert into `se...', Array)
#2 /Users/arsandiwirapanorama/Downloads/Ven-Barbershop/vendor/laravel/framework/src/Illuminate/Database/Connection.php(783): Illuminate\\Database\\Connection->runQueryCallback('insert into `se...', Array, Object(Closure))
#3 /Users/arsandiwirapanorama/Downloads/Ven-Barbershop/vendor/laravel/framework/src/Illuminate/Database/MySqlConnection.php(34): Illuminate\\Database\\Connection->run('insert into `se...', Array, Object(Closure))
#4 /Users/arsandiwirapanorama/Downloads/Ven-Barbershop/vendor/laravel/framework/src/Illuminate/Database/Query/Builder.php(3498): Illuminate\\Database\\MySqlConnection->insert('insert into `se...', Array)
#5 /Users/arsandiwirapanorama/Downloads/Ven-Barbershop/database/seeders/BarberSeeder.php(13): Illuminate\\Database\\Query\\Builder->insert(Array)
#6 /Users/arsandiwirapanorama/Downloads/Ven-Barbershop/vendor/laravel/framework/src/Illuminate/Container/BoundMethod.php(36): Database\\Seeders\\BarberSeeder->run()
#7 /Users/arsandiwirapanorama/Downloads/Ven-Barbershop/vendor/laravel/framework/src/Illuminate/Container/Util.php(41): Illuminate\\Container\\BoundMethod::Illuminate\\Container\\{closure}()
#8 /Users/arsandiwirapanorama/Downloads/Ven-Barbershop/vendor/laravel/framework/src/Illuminate/Container/BoundMethod.php(93): Illuminate\\Container\\Util::unwrapIfClosure(Object(Closure))
#9 /Users/arsandiwirapanorama/Downloads/Ven-Barbershop/vendor/laravel/framework/src/Illuminate/Container/BoundMethod.php(35): Illuminate\\Container\\BoundMethod::callBoundMethod(Object(Illuminate\\Foundation\\Application), Array, Object(Closure))
#10 /Users/arsandiwirapanorama/Downloads/Ven-Barbershop/vendor/laravel/framework/src/Illuminate/Container/Container.php(662): Illuminate\\Container\\BoundMethod::call(Object(Illuminate\\Foundation\\Application), Array, Array, NULL)
#11 /Users/arsandiwirapanorama/Downloads/Ven-Barbershop/vendor/laravel/framework/src/Illuminate/Database/Seeder.php(184): Illuminate\\Container\\Container->call(Array, Array)
#12 /Users/arsandiwirapanorama/Downloads/Ven-Barbershop/vendor/laravel/framework/src/Illuminate/Database/Seeder.php(193): Illuminate\\Database\\Seeder->Illuminate\\Database\\{closure}()
#13 /Users/arsandiwirapanorama/Downloads/Ven-Barbershop/vendor/laravel/framework/src/Illuminate/Database/Seeder.php(61): Illuminate\\Database\\Seeder->__invoke(Array)
#14 /Users/arsandiwirapanorama/Downloads/Ven-Barbershop/database/seeders/DatabaseSeeder.php(15): Illuminate\\Database\\Seeder->call('Database\\\\Seeder...')
#15 /Users/arsandiwirapanorama/Downloads/Ven-Barbershop/vendor/laravel/framework/src/Illuminate/Container/BoundMethod.php(36): Database\\Seeders\\DatabaseSeeder->run()
#16 /Users/arsandiwirapanorama/Downloads/Ven-Barbershop/vendor/laravel/framework/src/Illuminate/Container/Util.php(41): Illuminate\\Container\\BoundMethod::Illuminate\\Container\\{closure}()
#17 /Users/arsandiwirapanorama/Downloads/Ven-Barbershop/vendor/laravel/framework/src/Illuminate/Container/BoundMethod.php(93): Illuminate\\Container\\Util::unwrapIfClosure(Object(Closure))
#18 /Users/arsandiwirapanorama/Downloads/Ven-Barbershop/vendor/laravel/framework/src/Illuminate/Container/BoundMethod.php(35): Illuminate\\Container\\BoundMethod::callBoundMethod(Object(Illuminate\\Foundation\\Application), Array, Object(Closure))
#19 /Users/arsandiwirapanorama/Downloads/Ven-Barbershop/vendor/laravel/framework/src/Illuminate/Container/Container.php(662): Illuminate\\Container\\BoundMethod::call(Object(Illuminate\\Foundation\\Application), Array, Array, NULL)
#20 /Users/arsandiwirapanorama/Downloads/Ven-Barbershop/vendor/laravel/framework/src/Illuminate/Database/Seeder.php(184): Illuminate\\Container\\Container->call(Array, Array)
#21 /Users/arsandiwirapanorama/Downloads/Ven-Barbershop/vendor/laravel/framework/src/Illuminate/Database/Seeder.php(193): Illuminate\\Database\\Seeder->Illuminate\\Database\\{closure}()
#22 /Users/arsandiwirapanorama/Downloads/Ven-Barbershop/vendor/laravel/framework/src/Illuminate/Database/Console/Seeds/SeedCommand.php(70): Illuminate\\Database\\Seeder->__invoke()
#23 /Users/arsandiwirapanorama/Downloads/Ven-Barbershop/vendor/laravel/framework/src/Illuminate/Database/Eloquent/Concerns/GuardsAttributes.php(155): Illuminate\\Database\\Console\\Seeds\\SeedCommand->Illuminate\\Database\\Console\\Seeds\\{closure}()
#24 /Users/arsandiwirapanorama/Downloads/Ven-Barbershop/vendor/laravel/framework/src/Illuminate/Database/Console/Seeds/SeedCommand.php(69): Illuminate\\Database\\Eloquent\\Model::unguarded(Object(Closure))
#25 /Users/arsandiwirapanorama/Downloads/Ven-Barbershop/vendor/laravel/framework/src/Illuminate/Container/BoundMethod.php(36): Illuminate\\Database\\Console\\Seeds\\SeedCommand->handle()
#26 /Users/arsandiwirapanorama/Downloads/Ven-Barbershop/vendor/laravel/framework/src/Illuminate/Container/Util.php(41): Illuminate\\Container\\BoundMethod::Illuminate\\Container\\{closure}()
#27 /Users/arsandiwirapanorama/Downloads/Ven-Barbershop/vendor/laravel/framework/src/Illuminate/Container/BoundMethod.php(93): Illuminate\\Container\\Util::unwrapIfClosure(Object(Closure))
#28 /Users/arsandiwirapanorama/Downloads/Ven-Barbershop/vendor/laravel/framework/src/Illuminate/Container/BoundMethod.php(35): Illuminate\\Container\\BoundMethod::callBoundMethod(Object(Illuminate\\Foundation\\Application), Array, Object(Closure))
#29 /Users/arsandiwirapanorama/Downloads/Ven-Barbershop/vendor/laravel/framework/src/Illuminate/Container/Container.php(662): Illuminate\\Container\\BoundMethod::call(Object(Illuminate\\Foundation\\Application), Array, Array, NULL)
#30 /Users/arsandiwirapanorama/Downloads/Ven-Barbershop/vendor/laravel/framework/src/Illuminate/Console/Command.php(211): Illuminate\\Container\\Container->call(Array)
#31 /Users/arsandiwirapanorama/Downloads/Ven-Barbershop/vendor/symfony/console/Command/Command.php(326): Illuminate\\Console\\Command->execute(Object(Symfony\\Component\\Console\\Input\\ArgvInput), Object(Illuminate\\Console\\OutputStyle))
#32 /Users/arsandiwirapanorama/Downloads/Ven-Barbershop/vendor/laravel/framework/src/Illuminate/Console/Command.php(180): Symfony\\Component\\Console\\Command\\Command->run(Object(Symfony\\Component\\Console\\Input\\ArgvInput), Object(Illuminate\\Console\\OutputStyle))
#33 /Users/arsandiwirapanorama/Downloads/Ven-Barbershop/vendor/symfony/console/Application.php(1096): Illuminate\\Console\\Command->run(Object(Symfony\\Component\\Console\\Input\\ArgvInput), Object(Symfony\\Component\\Console\\Output\\ConsoleOutput))
#34 /Users/arsandiwirapanorama/Downloads/Ven-Barbershop/vendor/symfony/console/Application.php(324): Symfony\\Component\\Console\\Application->doRunCommand(Object(Illuminate\\Database\\Console\\Seeds\\SeedCommand), Object(Symfony\\Component\\Console\\Input\\ArgvInput), Object(Symfony\\Component\\Console\\Output\\ConsoleOutput))
#35 /Users/arsandiwirapanorama/Downloads/Ven-Barbershop/vendor/symfony/console/Application.php(175): Symfony\\Component\\Console\\Application->doRun(Object(Symfony\\Component\\Console\\Input\\ArgvInput), Object(Symfony\\Component\\Console\\Output\\ConsoleOutput))
#36 /Users/arsandiwirapanorama/Downloads/Ven-Barbershop/vendor/laravel/framework/src/Illuminate/Foundation/Console/Kernel.php(201): Symfony\\Component\\Console\\Application->run(Object(Symfony\\Component\\Console\\Input\\ArgvInput), Object(Symfony\\Component\\Console\\Output\\ConsoleOutput))
#37 /Users/arsandiwirapanorama/Downloads/Ven-Barbershop/artisan(35): Illuminate\\Foundation\\Console\\Kernel->handle(Object(Symfony\\Component\\Console\\Input\\ArgvInput), Object(Symfony\\Component\\Console\\Output\\ConsoleOutput))
#38 {main}
"} 
[2025-06-19 16:53:30] local.ERROR: Array to string conversion (Connection: mysql, SQL: insert into `barbers` (`is_active`, `name`, `phone`, `specialty`, `user_id`, `working_hours`) values (1, Gen Z Barber, +6282293429192, Classic cuts, Beard styling, 2, ?)) {"exception":"[object] (Illuminate\\Database\\QueryException(code: 0): Array to string conversion (Connection: mysql, SQL: insert into `barbers` (`is_active`, `name`, `phone`, `specialty`, `user_id`, `working_hours`) values (1, Gen Z Barber, +6282293429192, Classic cuts, Beard styling, 2, ?)) at /Users/arsandiwirapanorama/Downloads/Ven-Barbershop/vendor/laravel/framework/src/Illuminate/Database/Connection.php:829)
[stacktrace]
#0 /Users/arsandiwirapanorama/Downloads/Ven-Barbershop/vendor/laravel/framework/src/Illuminate/Database/Connection.php(783): Illuminate\\Database\\Connection->runQueryCallback('insert into `ba...', Array, Object(Closure))
#1 /Users/arsandiwirapanorama/Downloads/Ven-Barbershop/vendor/laravel/framework/src/Illuminate/Database/MySqlConnection.php(34): Illuminate\\Database\\Connection->run('insert into `ba...', Array, Object(Closure))
#2 /Users/arsandiwirapanorama/Downloads/Ven-Barbershop/vendor/laravel/framework/src/Illuminate/Database/Query/Builder.php(3498): Illuminate\\Database\\MySqlConnection->insert('insert into `ba...', Array)
#3 /Users/arsandiwirapanorama/Downloads/Ven-Barbershop/database/seeders/BarberSeeder.php(13): Illuminate\\Database\\Query\\Builder->insert(Array)
#4 /Users/arsandiwirapanorama/Downloads/Ven-Barbershop/vendor/laravel/framework/src/Illuminate/Container/BoundMethod.php(36): Database\\Seeders\\BarberSeeder->run()
#5 /Users/arsandiwirapanorama/Downloads/Ven-Barbershop/vendor/laravel/framework/src/Illuminate/Container/Util.php(41): Illuminate\\Container\\BoundMethod::Illuminate\\Container\\{closure}()
#6 /Users/arsandiwirapanorama/Downloads/Ven-Barbershop/vendor/laravel/framework/src/Illuminate/Container/BoundMethod.php(93): Illuminate\\Container\\Util::unwrapIfClosure(Object(Closure))
#7 /Users/arsandiwirapanorama/Downloads/Ven-Barbershop/vendor/laravel/framework/src/Illuminate/Container/BoundMethod.php(35): Illuminate\\Container\\BoundMethod::callBoundMethod(Object(Illuminate\\Foundation\\Application), Array, Object(Closure))
#8 /Users/arsandiwirapanorama/Downloads/Ven-Barbershop/vendor/laravel/framework/src/Illuminate/Container/Container.php(662): Illuminate\\Container\\BoundMethod::call(Object(Illuminate\\Foundation\\Application), Array, Array, NULL)
#9 /Users/arsandiwirapanorama/Downloads/Ven-Barbershop/vendor/laravel/framework/src/Illuminate/Database/Seeder.php(184): Illuminate\\Container\\Container->call(Array, Array)
#10 /Users/arsandiwirapanorama/Downloads/Ven-Barbershop/vendor/laravel/framework/src/Illuminate/Database/Seeder.php(193): Illuminate\\Database\\Seeder->Illuminate\\Database\\{closure}()
#11 /Users/arsandiwirapanorama/Downloads/Ven-Barbershop/vendor/laravel/framework/src/Illuminate/Database/Seeder.php(61): Illuminate\\Database\\Seeder->__invoke(Array)
#12 /Users/arsandiwirapanorama/Downloads/Ven-Barbershop/database/seeders/DatabaseSeeder.php(15): Illuminate\\Database\\Seeder->call('Database\\\\Seeder...')
#13 /Users/arsandiwirapanorama/Downloads/Ven-Barbershop/vendor/laravel/framework/src/Illuminate/Container/BoundMethod.php(36): Database\\Seeders\\DatabaseSeeder->run()
#14 /Users/arsandiwirapanorama/Downloads/Ven-Barbershop/vendor/laravel/framework/src/Illuminate/Container/Util.php(41): Illuminate\\Container\\BoundMethod::Illuminate\\Container\\{closure}()
#15 /Users/arsandiwirapanorama/Downloads/Ven-Barbershop/vendor/laravel/framework/src/Illuminate/Container/BoundMethod.php(93): Illuminate\\Container\\Util::unwrapIfClosure(Object(Closure))
#16 /Users/arsandiwirapanorama/Downloads/Ven-Barbershop/vendor/laravel/framework/src/Illuminate/Container/BoundMethod.php(35): Illuminate\\Container\\BoundMethod::callBoundMethod(Object(Illuminate\\Foundation\\Application), Array, Object(Closure))
#17 /Users/arsandiwirapanorama/Downloads/Ven-Barbershop/vendor/laravel/framework/src/Illuminate/Container/Container.php(662): Illuminate\\Container\\BoundMethod::call(Object(Illuminate\\Foundation\\Application), Array, Array, NULL)
#18 /Users/arsandiwirapanorama/Downloads/Ven-Barbershop/vendor/laravel/framework/src/Illuminate/Database/Seeder.php(184): Illuminate\\Container\\Container->call(Array, Array)
#19 /Users/arsandiwirapanorama/Downloads/Ven-Barbershop/vendor/laravel/framework/src/Illuminate/Database/Seeder.php(193): Illuminate\\Database\\Seeder->Illuminate\\Database\\{closure}()
#20 /Users/arsandiwirapanorama/Downloads/Ven-Barbershop/vendor/laravel/framework/src/Illuminate/Database/Console/Seeds/SeedCommand.php(70): Illuminate\\Database\\Seeder->__invoke()
#21 /Users/arsandiwirapanorama/Downloads/Ven-Barbershop/vendor/laravel/framework/src/Illuminate/Database/Eloquent/Concerns/GuardsAttributes.php(155): Illuminate\\Database\\Console\\Seeds\\SeedCommand->Illuminate\\Database\\Console\\Seeds\\{closure}()
#22 /Users/arsandiwirapanorama/Downloads/Ven-Barbershop/vendor/laravel/framework/src/Illuminate/Database/Console/Seeds/SeedCommand.php(69): Illuminate\\Database\\Eloquent\\Model::unguarded(Object(Closure))
#23 /Users/arsandiwirapanorama/Downloads/Ven-Barbershop/vendor/laravel/framework/src/Illuminate/Container/BoundMethod.php(36): Illuminate\\Database\\Console\\Seeds\\SeedCommand->handle()
#24 /Users/arsandiwirapanorama/Downloads/Ven-Barbershop/vendor/laravel/framework/src/Illuminate/Container/Util.php(41): Illuminate\\Container\\BoundMethod::Illuminate\\Container\\{closure}()
#25 /Users/arsandiwirapanorama/Downloads/Ven-Barbershop/vendor/laravel/framework/src/Illuminate/Container/BoundMethod.php(93): Illuminate\\Container\\Util::unwrapIfClosure(Object(Closure))
#26 /Users/arsandiwirapanorama/Downloads/Ven-Barbershop/vendor/laravel/framework/src/Illuminate/Container/BoundMethod.php(35): Illuminate\\Container\\BoundMethod::callBoundMethod(Object(Illuminate\\Foundation\\Application), Array, Object(Closure))
#27 /Users/arsandiwirapanorama/Downloads/Ven-Barbershop/vendor/laravel/framework/src/Illuminate/Container/Container.php(662): Illuminate\\Container\\BoundMethod::call(Object(Illuminate\\Foundation\\Application), Array, Array, NULL)
#28 /Users/arsandiwirapanorama/Downloads/Ven-Barbershop/vendor/laravel/framework/src/Illuminate/Console/Command.php(211): Illuminate\\Container\\Container->call(Array)
#29 /Users/arsandiwirapanorama/Downloads/Ven-Barbershop/vendor/symfony/console/Command/Command.php(326): Illuminate\\Console\\Command->execute(Object(Symfony\\Component\\Console\\Input\\ArgvInput), Object(Illuminate\\Console\\OutputStyle))
#30 /Users/arsandiwirapanorama/Downloads/Ven-Barbershop/vendor/laravel/framework/src/Illuminate/Console/Command.php(180): Symfony\\Component\\Console\\Command\\Command->run(Object(Symfony\\Component\\Console\\Input\\ArgvInput), Object(Illuminate\\Console\\OutputStyle))
#31 /Users/arsandiwirapanorama/Downloads/Ven-Barbershop/vendor/symfony/console/Application.php(1096): Illuminate\\Console\\Command->run(Object(Symfony\\Component\\Console\\Input\\ArgvInput), Object(Symfony\\Component\\Console\\Output\\ConsoleOutput))
#32 /Users/arsandiwirapanorama/Downloads/Ven-Barbershop/vendor/symfony/console/Application.php(324): Symfony\\Component\\Console\\Application->doRunCommand(Object(Illuminate\\Database\\Console\\Seeds\\SeedCommand), Object(Symfony\\Component\\Console\\Input\\ArgvInput), Object(Symfony\\Component\\Console\\Output\\ConsoleOutput))
#33 /Users/arsandiwirapanorama/Downloads/Ven-Barbershop/vendor/symfony/console/Application.php(175): Symfony\\Component\\Console\\Application->doRun(Object(Symfony\\Component\\Console\\Input\\ArgvInput), Object(Symfony\\Component\\Console\\Output\\ConsoleOutput))
#34 /Users/arsandiwirapanorama/Downloads/Ven-Barbershop/vendor/laravel/framework/src/Illuminate/Foundation/Console/Kernel.php(201): Symfony\\Component\\Console\\Application->run(Object(Symfony\\Component\\Console\\Input\\ArgvInput), Object(Symfony\\Component\\Console\\Output\\ConsoleOutput))
#35 /Users/arsandiwirapanorama/Downloads/Ven-Barbershop/artisan(35): Illuminate\\Foundation\\Console\\Kernel->handle(Object(Symfony\\Component\\Console\\Input\\ArgvInput), Object(Symfony\\Component\\Console\\Output\\ConsoleOutput))
#36 {main}

[previous exception] [object] (ErrorException(code: 0): Array to string conversion at /Users/arsandiwirapanorama/Downloads/Ven-Barbershop/vendor/laravel/framework/src/Illuminate/Database/Connection.php:723)
[stacktrace]
#0 /Users/arsandiwirapanorama/Downloads/Ven-Barbershop/vendor/laravel/framework/src/Illuminate/Foundation/Bootstrap/HandleExceptions.php(255): Illuminate\\Foundation\\Bootstrap\\HandleExceptions->handleError(2, 'Array to string...', '/Users/arsandiw...', 723)
#1 [internal function]: Illuminate\\Foundation\\Bootstrap\\HandleExceptions->Illuminate\\Foundation\\Bootstrap\\{closure}(2, 'Array to string...', '/Users/arsandiw...', 723)
#2 /Users/arsandiwirapanorama/Downloads/Ven-Barbershop/vendor/laravel/framework/src/Illuminate/Database/Connection.php(723): PDOStatement->bindValue(6, Array, 2)
#3 /Users/arsandiwirapanorama/Downloads/Ven-Barbershop/vendor/laravel/framework/src/Illuminate/Database/MySqlConnection.php(41): Illuminate\\Database\\Connection->bindValues(Object(PDOStatement), Array)
#4 /Users/arsandiwirapanorama/Downloads/Ven-Barbershop/vendor/laravel/framework/src/Illuminate/Database/Connection.php(816): Illuminate\\Database\\MySqlConnection->Illuminate\\Database\\{closure}('insert into `ba...', Array)
#5 /Users/arsandiwirapanorama/Downloads/Ven-Barbershop/vendor/laravel/framework/src/Illuminate/Database/Connection.php(783): Illuminate\\Database\\Connection->runQueryCallback('insert into `ba...', Array, Object(Closure))
#6 /Users/arsandiwirapanorama/Downloads/Ven-Barbershop/vendor/laravel/framework/src/Illuminate/Database/MySqlConnection.php(34): Illuminate\\Database\\Connection->run('insert into `ba...', Array, Object(Closure))
#7 /Users/arsandiwirapanorama/Downloads/Ven-Barbershop/vendor/laravel/framework/src/Illuminate/Database/Query/Builder.php(3498): Illuminate\\Database\\MySqlConnection->insert('insert into `ba...', Array)
#8 /Users/arsandiwirapanorama/Downloads/Ven-Barbershop/database/seeders/BarberSeeder.php(13): Illuminate\\Database\\Query\\Builder->insert(Array)
#9 /Users/arsandiwirapanorama/Downloads/Ven-Barbershop/vendor/laravel/framework/src/Illuminate/Container/BoundMethod.php(36): Database\\Seeders\\BarberSeeder->run()
#10 /Users/arsandiwirapanorama/Downloads/Ven-Barbershop/vendor/laravel/framework/src/Illuminate/Container/Util.php(41): Illuminate\\Container\\BoundMethod::Illuminate\\Container\\{closure}()
#11 /Users/arsandiwirapanorama/Downloads/Ven-Barbershop/vendor/laravel/framework/src/Illuminate/Container/BoundMethod.php(93): Illuminate\\Container\\Util::unwrapIfClosure(Object(Closure))
#12 /Users/arsandiwirapanorama/Downloads/Ven-Barbershop/vendor/laravel/framework/src/Illuminate/Container/BoundMethod.php(35): Illuminate\\Container\\BoundMethod::callBoundMethod(Object(Illuminate\\Foundation\\Application), Array, Object(Closure))
#13 /Users/arsandiwirapanorama/Downloads/Ven-Barbershop/vendor/laravel/framework/src/Illuminate/Container/Container.php(662): Illuminate\\Container\\BoundMethod::call(Object(Illuminate\\Foundation\\Application), Array, Array, NULL)
#14 /Users/arsandiwirapanorama/Downloads/Ven-Barbershop/vendor/laravel/framework/src/Illuminate/Database/Seeder.php(184): Illuminate\\Container\\Container->call(Array, Array)
#15 /Users/arsandiwirapanorama/Downloads/Ven-Barbershop/vendor/laravel/framework/src/Illuminate/Database/Seeder.php(193): Illuminate\\Database\\Seeder->Illuminate\\Database\\{closure}()
#16 /Users/arsandiwirapanorama/Downloads/Ven-Barbershop/vendor/laravel/framework/src/Illuminate/Database/Seeder.php(61): Illuminate\\Database\\Seeder->__invoke(Array)
#17 /Users/arsandiwirapanorama/Downloads/Ven-Barbershop/database/seeders/DatabaseSeeder.php(15): Illuminate\\Database\\Seeder->call('Database\\\\Seeder...')
#18 /Users/arsandiwirapanorama/Downloads/Ven-Barbershop/vendor/laravel/framework/src/Illuminate/Container/BoundMethod.php(36): Database\\Seeders\\DatabaseSeeder->run()
#19 /Users/arsandiwirapanorama/Downloads/Ven-Barbershop/vendor/laravel/framework/src/Illuminate/Container/Util.php(41): Illuminate\\Container\\BoundMethod::Illuminate\\Container\\{closure}()
#20 /Users/arsandiwirapanorama/Downloads/Ven-Barbershop/vendor/laravel/framework/src/Illuminate/Container/BoundMethod.php(93): Illuminate\\Container\\Util::unwrapIfClosure(Object(Closure))
#21 /Users/arsandiwirapanorama/Downloads/Ven-Barbershop/vendor/laravel/framework/src/Illuminate/Container/BoundMethod.php(35): Illuminate\\Container\\BoundMethod::callBoundMethod(Object(Illuminate\\Foundation\\Application), Array, Object(Closure))
#22 /Users/arsandiwirapanorama/Downloads/Ven-Barbershop/vendor/laravel/framework/src/Illuminate/Container/Container.php(662): Illuminate\\Container\\BoundMethod::call(Object(Illuminate\\Foundation\\Application), Array, Array, NULL)
#23 /Users/arsandiwirapanorama/Downloads/Ven-Barbershop/vendor/laravel/framework/src/Illuminate/Database/Seeder.php(184): Illuminate\\Container\\Container->call(Array, Array)
#24 /Users/arsandiwirapanorama/Downloads/Ven-Barbershop/vendor/laravel/framework/src/Illuminate/Database/Seeder.php(193): Illuminate\\Database\\Seeder->Illuminate\\Database\\{closure}()
#25 /Users/arsandiwirapanorama/Downloads/Ven-Barbershop/vendor/laravel/framework/src/Illuminate/Database/Console/Seeds/SeedCommand.php(70): Illuminate\\Database\\Seeder->__invoke()
#26 /Users/arsandiwirapanorama/Downloads/Ven-Barbershop/vendor/laravel/framework/src/Illuminate/Database/Eloquent/Concerns/GuardsAttributes.php(155): Illuminate\\Database\\Console\\Seeds\\SeedCommand->Illuminate\\Database\\Console\\Seeds\\{closure}()
#27 /Users/arsandiwirapanorama/Downloads/Ven-Barbershop/vendor/laravel/framework/src/Illuminate/Database/Console/Seeds/SeedCommand.php(69): Illuminate\\Database\\Eloquent\\Model::unguarded(Object(Closure))
#28 /Users/arsandiwirapanorama/Downloads/Ven-Barbershop/vendor/laravel/framework/src/Illuminate/Container/BoundMethod.php(36): Illuminate\\Database\\Console\\Seeds\\SeedCommand->handle()
#29 /Users/arsandiwirapanorama/Downloads/Ven-Barbershop/vendor/laravel/framework/src/Illuminate/Container/Util.php(41): Illuminate\\Container\\BoundMethod::Illuminate\\Container\\{closure}()
#30 /Users/arsandiwirapanorama/Downloads/Ven-Barbershop/vendor/laravel/framework/src/Illuminate/Container/BoundMethod.php(93): Illuminate\\Container\\Util::unwrapIfClosure(Object(Closure))
#31 /Users/arsandiwirapanorama/Downloads/Ven-Barbershop/vendor/laravel/framework/src/Illuminate/Container/BoundMethod.php(35): Illuminate\\Container\\BoundMethod::callBoundMethod(Object(Illuminate\\Foundation\\Application), Array, Object(Closure))
#32 /Users/arsandiwirapanorama/Downloads/Ven-Barbershop/vendor/laravel/framework/src/Illuminate/Container/Container.php(662): Illuminate\\Container\\BoundMethod::call(Object(Illuminate\\Foundation\\Application), Array, Array, NULL)
#33 /Users/arsandiwirapanorama/Downloads/Ven-Barbershop/vendor/laravel/framework/src/Illuminate/Console/Command.php(211): Illuminate\\Container\\Container->call(Array)
#34 /Users/arsandiwirapanorama/Downloads/Ven-Barbershop/vendor/symfony/console/Command/Command.php(326): Illuminate\\Console\\Command->execute(Object(Symfony\\Component\\Console\\Input\\ArgvInput), Object(Illuminate\\Console\\OutputStyle))
#35 /Users/arsandiwirapanorama/Downloads/Ven-Barbershop/vendor/laravel/framework/src/Illuminate/Console/Command.php(180): Symfony\\Component\\Console\\Command\\Command->run(Object(Symfony\\Component\\Console\\Input\\ArgvInput), Object(Illuminate\\Console\\OutputStyle))
#36 /Users/arsandiwirapanorama/Downloads/Ven-Barbershop/vendor/symfony/console/Application.php(1096): Illuminate\\Console\\Command->run(Object(Symfony\\Component\\Console\\Input\\ArgvInput), Object(Symfony\\Component\\Console\\Output\\ConsoleOutput))
#37 /Users/arsandiwirapanorama/Downloads/Ven-Barbershop/vendor/symfony/console/Application.php(324): Symfony\\Component\\Console\\Application->doRunCommand(Object(Illuminate\\Database\\Console\\Seeds\\SeedCommand), Object(Symfony\\Component\\Console\\Input\\ArgvInput), Object(Symfony\\Component\\Console\\Output\\ConsoleOutput))
#38 /Users/arsandiwirapanorama/Downloads/Ven-Barbershop/vendor/symfony/console/Application.php(175): Symfony\\Component\\Console\\Application->doRun(Object(Symfony\\Component\\Console\\Input\\ArgvInput), Object(Symfony\\Component\\Console\\Output\\ConsoleOutput))
#39 /Users/arsandiwirapanorama/Downloads/Ven-Barbershop/vendor/laravel/framework/src/Illuminate/Foundation/Console/Kernel.php(201): Symfony\\Component\\Console\\Application->run(Object(Symfony\\Component\\Console\\Input\\ArgvInput), Object(Symfony\\Component\\Console\\Output\\ConsoleOutput))
#40 /Users/arsandiwirapanorama/Downloads/Ven-Barbershop/artisan(35): Illuminate\\Foundation\\Console\\Kernel->handle(Object(Symfony\\Component\\Console\\Input\\ArgvInput), Object(Symfony\\Component\\Console\\Output\\ConsoleOutput))
#41 {main}
"} 
[2025-08-01 14:49:03] local.ERROR: Command "migration" is not defined.

Did you mean one of these?
    make:migration
    migrate
    migrate:fresh
    migrate:install
    migrate:refresh
    migrate:reset
    migrate:rollback
    migrate:status {"exception":"[object] (Symfony\\Component\\Console\\Exception\\CommandNotFoundException(code: 0): Command \"migration\" is not defined.

Did you mean one of these?
    make:migration
    migrate
    migrate:fresh
    migrate:install
    migrate:refresh
    migrate:reset
    migrate:rollback
    migrate:status at /Users/arsandiwirapanorama/Downloads/Ven-Barbershop/vendor/symfony/console/Application.php:737)
[stacktrace]
#0 /Users/arsandiwirapanorama/Downloads/Ven-Barbershop/vendor/symfony/console/Application.php(266): Symfony\\Component\\Console\\Application->find('migration')
#1 /Users/arsandiwirapanorama/Downloads/Ven-Barbershop/vendor/symfony/console/Application.php(175): Symfony\\Component\\Console\\Application->doRun(Object(Symfony\\Component\\Console\\Input\\ArgvInput), Object(Symfony\\Component\\Console\\Output\\ConsoleOutput))
#2 /Users/arsandiwirapanorama/Downloads/Ven-Barbershop/vendor/laravel/framework/src/Illuminate/Foundation/Console/Kernel.php(201): Symfony\\Component\\Console\\Application->run(Object(Symfony\\Component\\Console\\Input\\ArgvInput), Object(Symfony\\Component\\Console\\Output\\ConsoleOutput))
#3 /Users/arsandiwirapanorama/Downloads/Ven-Barbershop/artisan(35): Illuminate\\Foundation\\Console\\Kernel->handle(Object(Symfony\\Component\\Console\\Input\\ArgvInput), Object(Symfony\\Component\\Console\\Output\\ConsoleOutput))
#4 {main}
"} 
[2025-08-02 22:19:06] local.ERROR: The is active field must be true or false. {"exception":"[object] (App\\Exceptions\\CustomException(code: 0): The is active field must be true or false. at /Users/arsandiwirapanorama/Downloads/Ven-Barbershop/app/Http/Controllers/Api/ServiceController.php:48)
[stacktrace]
#0 /Users/arsandiwirapanorama/Downloads/Ven-Barbershop/vendor/laravel/framework/src/Illuminate/Routing/Controller.php(54): App\\Http\\Controllers\\Api\\ServiceController->store(Object(Illuminate\\Http\\Request))
#1 /Users/arsandiwirapanorama/Downloads/Ven-Barbershop/vendor/laravel/framework/src/Illuminate/Routing/ControllerDispatcher.php(43): Illuminate\\Routing\\Controller->callAction('store', Array)
#2 /Users/arsandiwirapanorama/Downloads/Ven-Barbershop/vendor/laravel/framework/src/Illuminate/Routing/Route.php(259): Illuminate\\Routing\\ControllerDispatcher->dispatch(Object(Illuminate\\Routing\\Route), Object(App\\Http\\Controllers\\Api\\ServiceController), 'store')
#3 /Users/arsandiwirapanorama/Downloads/Ven-Barbershop/vendor/laravel/framework/src/Illuminate/Routing/Route.php(205): Illuminate\\Routing\\Route->runController()
#4 /Users/arsandiwirapanorama/Downloads/Ven-Barbershop/vendor/laravel/framework/src/Illuminate/Routing/Router.php(806): Illuminate\\Routing\\Route->run()
#5 /Users/arsandiwirapanorama/Downloads/Ven-Barbershop/vendor/laravel/framework/src/Illuminate/Pipeline/Pipeline.php(144): Illuminate\\Routing\\Router->Illuminate\\Routing\\{closure}(Object(Illuminate\\Http\\Request))
#6 /Users/arsandiwirapanorama/Downloads/Ven-Barbershop/vendor/laravel/framework/src/Illuminate/Routing/Middleware/SubstituteBindings.php(50): Illuminate\\Pipeline\\Pipeline->Illuminate\\Pipeline\\{closure}(Object(Illuminate\\Http\\Request))
#7 /Users/arsandiwirapanorama/Downloads/Ven-Barbershop/vendor/laravel/framework/src/Illuminate/Pipeline/Pipeline.php(183): Illuminate\\Routing\\Middleware\\SubstituteBindings->handle(Object(Illuminate\\Http\\Request), Object(Closure))
#8 /Users/arsandiwirapanorama/Downloads/Ven-Barbershop/vendor/laravel/framework/src/Illuminate/Routing/Middleware/ThrottleRequests.php(159): Illuminate\\Pipeline\\Pipeline->Illuminate\\Pipeline\\{closure}(Object(Illuminate\\Http\\Request))
#9 /Users/arsandiwirapanorama/Downloads/Ven-Barbershop/vendor/laravel/framework/src/Illuminate/Routing/Middleware/ThrottleRequests.php(125): Illuminate\\Routing\\Middleware\\ThrottleRequests->handleRequest(Object(Illuminate\\Http\\Request), Object(Closure), Array)
#10 /Users/arsandiwirapanorama/Downloads/Ven-Barbershop/vendor/laravel/framework/src/Illuminate/Routing/Middleware/ThrottleRequests.php(87): Illuminate\\Routing\\Middleware\\ThrottleRequests->handleRequestUsingNamedLimiter(Object(Illuminate\\Http\\Request), Object(Closure), 'api', Object(Closure))
#11 /Users/arsandiwirapanorama/Downloads/Ven-Barbershop/vendor/laravel/framework/src/Illuminate/Pipeline/Pipeline.php(183): Illuminate\\Routing\\Middleware\\ThrottleRequests->handle(Object(Illuminate\\Http\\Request), Object(Closure), 'api')
#12 /Users/arsandiwirapanorama/Downloads/Ven-Barbershop/vendor/laravel/framework/src/Illuminate/Pipeline/Pipeline.php(119): Illuminate\\Pipeline\\Pipeline->Illuminate\\Pipeline\\{closure}(Object(Illuminate\\Http\\Request))
#13 /Users/arsandiwirapanorama/Downloads/Ven-Barbershop/vendor/laravel/framework/src/Illuminate/Routing/Router.php(805): Illuminate\\Pipeline\\Pipeline->then(Object(Closure))
#14 /Users/arsandiwirapanorama/Downloads/Ven-Barbershop/vendor/laravel/framework/src/Illuminate/Routing/Router.php(784): Illuminate\\Routing\\Router->runRouteWithinStack(Object(Illuminate\\Routing\\Route), Object(Illuminate\\Http\\Request))
#15 /Users/arsandiwirapanorama/Downloads/Ven-Barbershop/vendor/laravel/framework/src/Illuminate/Routing/Router.php(748): Illuminate\\Routing\\Router->runRoute(Object(Illuminate\\Http\\Request), Object(Illuminate\\Routing\\Route))
#16 /Users/arsandiwirapanorama/Downloads/Ven-Barbershop/vendor/laravel/framework/src/Illuminate/Routing/Router.php(737): Illuminate\\Routing\\Router->dispatchToRoute(Object(Illuminate\\Http\\Request))
#17 /Users/arsandiwirapanorama/Downloads/Ven-Barbershop/vendor/laravel/framework/src/Illuminate/Foundation/Http/Kernel.php(200): Illuminate\\Routing\\Router->dispatch(Object(Illuminate\\Http\\Request))
#18 /Users/arsandiwirapanorama/Downloads/Ven-Barbershop/vendor/laravel/framework/src/Illuminate/Pipeline/Pipeline.php(144): Illuminate\\Foundation\\Http\\Kernel->Illuminate\\Foundation\\Http\\{closure}(Object(Illuminate\\Http\\Request))
#19 /Users/arsandiwirapanorama/Downloads/Ven-Barbershop/vendor/laravel/framework/src/Illuminate/Foundation/Http/Middleware/TransformsRequest.php(21): Illuminate\\Pipeline\\Pipeline->Illuminate\\Pipeline\\{closure}(Object(Illuminate\\Http\\Request))
#20 /Users/arsandiwirapanorama/Downloads/Ven-Barbershop/vendor/laravel/framework/src/Illuminate/Foundation/Http/Middleware/ConvertEmptyStringsToNull.php(31): Illuminate\\Foundation\\Http\\Middleware\\TransformsRequest->handle(Object(Illuminate\\Http\\Request), Object(Closure))
#21 /Users/arsandiwirapanorama/Downloads/Ven-Barbershop/vendor/laravel/framework/src/Illuminate/Pipeline/Pipeline.php(183): Illuminate\\Foundation\\Http\\Middleware\\ConvertEmptyStringsToNull->handle(Object(Illuminate\\Http\\Request), Object(Closure))
#22 /Users/arsandiwirapanorama/Downloads/Ven-Barbershop/vendor/laravel/framework/src/Illuminate/Foundation/Http/Middleware/TransformsRequest.php(21): Illuminate\\Pipeline\\Pipeline->Illuminate\\Pipeline\\{closure}(Object(Illuminate\\Http\\Request))
#23 /Users/arsandiwirapanorama/Downloads/Ven-Barbershop/vendor/laravel/framework/src/Illuminate/Foundation/Http/Middleware/TrimStrings.php(40): Illuminate\\Foundation\\Http\\Middleware\\TransformsRequest->handle(Object(Illuminate\\Http\\Request), Object(Closure))
#24 /Users/arsandiwirapanorama/Downloads/Ven-Barbershop/vendor/laravel/framework/src/Illuminate/Pipeline/Pipeline.php(183): Illuminate\\Foundation\\Http\\Middleware\\TrimStrings->handle(Object(Illuminate\\Http\\Request), Object(Closure))
#25 /Users/arsandiwirapanorama/Downloads/Ven-Barbershop/vendor/laravel/framework/src/Illuminate/Foundation/Http/Middleware/ValidatePostSize.php(27): Illuminate\\Pipeline\\Pipeline->Illuminate\\Pipeline\\{closure}(Object(Illuminate\\Http\\Request))
#26 /Users/arsandiwirapanorama/Downloads/Ven-Barbershop/vendor/laravel/framework/src/Illuminate/Pipeline/Pipeline.php(183): Illuminate\\Foundation\\Http\\Middleware\\ValidatePostSize->handle(Object(Illuminate\\Http\\Request), Object(Closure))
#27 /Users/arsandiwirapanorama/Downloads/Ven-Barbershop/vendor/laravel/framework/src/Illuminate/Foundation/Http/Middleware/PreventRequestsDuringMaintenance.php(99): Illuminate\\Pipeline\\Pipeline->Illuminate\\Pipeline\\{closure}(Object(Illuminate\\Http\\Request))
#28 /Users/arsandiwirapanorama/Downloads/Ven-Barbershop/vendor/laravel/framework/src/Illuminate/Pipeline/Pipeline.php(183): Illuminate\\Foundation\\Http\\Middleware\\PreventRequestsDuringMaintenance->handle(Object(Illuminate\\Http\\Request), Object(Closure))
#29 /Users/arsandiwirapanorama/Downloads/Ven-Barbershop/vendor/laravel/framework/src/Illuminate/Http/Middleware/HandleCors.php(62): Illuminate\\Pipeline\\Pipeline->Illuminate\\Pipeline\\{closure}(Object(Illuminate\\Http\\Request))
#30 /Users/arsandiwirapanorama/Downloads/Ven-Barbershop/vendor/laravel/framework/src/Illuminate/Pipeline/Pipeline.php(183): Illuminate\\Http\\Middleware\\HandleCors->handle(Object(Illuminate\\Http\\Request), Object(Closure))
#31 /Users/arsandiwirapanorama/Downloads/Ven-Barbershop/vendor/laravel/framework/src/Illuminate/Http/Middleware/TrustProxies.php(39): Illuminate\\Pipeline\\Pipeline->Illuminate\\Pipeline\\{closure}(Object(Illuminate\\Http\\Request))
#32 /Users/arsandiwirapanorama/Downloads/Ven-Barbershop/vendor/laravel/framework/src/Illuminate/Pipeline/Pipeline.php(183): Illuminate\\Http\\Middleware\\TrustProxies->handle(Object(Illuminate\\Http\\Request), Object(Closure))
#33 /Users/arsandiwirapanorama/Downloads/Ven-Barbershop/vendor/laravel/framework/src/Illuminate/Pipeline/Pipeline.php(119): Illuminate\\Pipeline\\Pipeline->Illuminate\\Pipeline\\{closure}(Object(Illuminate\\Http\\Request))
#34 /Users/arsandiwirapanorama/Downloads/Ven-Barbershop/vendor/laravel/framework/src/Illuminate/Foundation/Http/Kernel.php(175): Illuminate\\Pipeline\\Pipeline->then(Object(Closure))
#35 /Users/arsandiwirapanorama/Downloads/Ven-Barbershop/vendor/laravel/framework/src/Illuminate/Foundation/Http/Kernel.php(144): Illuminate\\Foundation\\Http\\Kernel->sendRequestThroughRouter(Object(Illuminate\\Http\\Request))
#36 /Users/arsandiwirapanorama/Downloads/Ven-Barbershop/public/index.php(51): Illuminate\\Foundation\\Http\\Kernel->handle(Object(Illuminate\\Http\\Request))
#37 /Users/arsandiwirapanorama/Downloads/Ven-Barbershop/vendor/laravel/framework/src/Illuminate/Foundation/resources/server.php(16): require_once('/Users/arsandiw...')
#38 {main}
"} 
[2025-08-02 22:19:28] local.ERROR: The is active field must be true or false. {"exception":"[object] (App\\Exceptions\\CustomException(code: 0): The is active field must be true or false. at /Users/arsandiwirapanorama/Downloads/Ven-Barbershop/app/Http/Controllers/Api/ServiceController.php:48)
[stacktrace]
#0 /Users/arsandiwirapanorama/Downloads/Ven-Barbershop/vendor/laravel/framework/src/Illuminate/Routing/Controller.php(54): App\\Http\\Controllers\\Api\\ServiceController->store(Object(Illuminate\\Http\\Request))
#1 /Users/arsandiwirapanorama/Downloads/Ven-Barbershop/vendor/laravel/framework/src/Illuminate/Routing/ControllerDispatcher.php(43): Illuminate\\Routing\\Controller->callAction('store', Array)
#2 /Users/arsandiwirapanorama/Downloads/Ven-Barbershop/vendor/laravel/framework/src/Illuminate/Routing/Route.php(259): Illuminate\\Routing\\ControllerDispatcher->dispatch(Object(Illuminate\\Routing\\Route), Object(App\\Http\\Controllers\\Api\\ServiceController), 'store')
#3 /Users/arsandiwirapanorama/Downloads/Ven-Barbershop/vendor/laravel/framework/src/Illuminate/Routing/Route.php(205): Illuminate\\Routing\\Route->runController()
#4 /Users/arsandiwirapanorama/Downloads/Ven-Barbershop/vendor/laravel/framework/src/Illuminate/Routing/Router.php(806): Illuminate\\Routing\\Route->run()
#5 /Users/arsandiwirapanorama/Downloads/Ven-Barbershop/vendor/laravel/framework/src/Illuminate/Pipeline/Pipeline.php(144): Illuminate\\Routing\\Router->Illuminate\\Routing\\{closure}(Object(Illuminate\\Http\\Request))
#6 /Users/arsandiwirapanorama/Downloads/Ven-Barbershop/vendor/laravel/framework/src/Illuminate/Routing/Middleware/SubstituteBindings.php(50): Illuminate\\Pipeline\\Pipeline->Illuminate\\Pipeline\\{closure}(Object(Illuminate\\Http\\Request))
#7 /Users/arsandiwirapanorama/Downloads/Ven-Barbershop/vendor/laravel/framework/src/Illuminate/Pipeline/Pipeline.php(183): Illuminate\\Routing\\Middleware\\SubstituteBindings->handle(Object(Illuminate\\Http\\Request), Object(Closure))
#8 /Users/arsandiwirapanorama/Downloads/Ven-Barbershop/vendor/laravel/framework/src/Illuminate/Routing/Middleware/ThrottleRequests.php(159): Illuminate\\Pipeline\\Pipeline->Illuminate\\Pipeline\\{closure}(Object(Illuminate\\Http\\Request))
#9 /Users/arsandiwirapanorama/Downloads/Ven-Barbershop/vendor/laravel/framework/src/Illuminate/Routing/Middleware/ThrottleRequests.php(125): Illuminate\\Routing\\Middleware\\ThrottleRequests->handleRequest(Object(Illuminate\\Http\\Request), Object(Closure), Array)
#10 /Users/arsandiwirapanorama/Downloads/Ven-Barbershop/vendor/laravel/framework/src/Illuminate/Routing/Middleware/ThrottleRequests.php(87): Illuminate\\Routing\\Middleware\\ThrottleRequests->handleRequestUsingNamedLimiter(Object(Illuminate\\Http\\Request), Object(Closure), 'api', Object(Closure))
#11 /Users/arsandiwirapanorama/Downloads/Ven-Barbershop/vendor/laravel/framework/src/Illuminate/Pipeline/Pipeline.php(183): Illuminate\\Routing\\Middleware\\ThrottleRequests->handle(Object(Illuminate\\Http\\Request), Object(Closure), 'api')
#12 /Users/arsandiwirapanorama/Downloads/Ven-Barbershop/vendor/laravel/framework/src/Illuminate/Pipeline/Pipeline.php(119): Illuminate\\Pipeline\\Pipeline->Illuminate\\Pipeline\\{closure}(Object(Illuminate\\Http\\Request))
#13 /Users/arsandiwirapanorama/Downloads/Ven-Barbershop/vendor/laravel/framework/src/Illuminate/Routing/Router.php(805): Illuminate\\Pipeline\\Pipeline->then(Object(Closure))
#14 /Users/arsandiwirapanorama/Downloads/Ven-Barbershop/vendor/laravel/framework/src/Illuminate/Routing/Router.php(784): Illuminate\\Routing\\Router->runRouteWithinStack(Object(Illuminate\\Routing\\Route), Object(Illuminate\\Http\\Request))
#15 /Users/arsandiwirapanorama/Downloads/Ven-Barbershop/vendor/laravel/framework/src/Illuminate/Routing/Router.php(748): Illuminate\\Routing\\Router->runRoute(Object(Illuminate\\Http\\Request), Object(Illuminate\\Routing\\Route))
#16 /Users/arsandiwirapanorama/Downloads/Ven-Barbershop/vendor/laravel/framework/src/Illuminate/Routing/Router.php(737): Illuminate\\Routing\\Router->dispatchToRoute(Object(Illuminate\\Http\\Request))
#17 /Users/arsandiwirapanorama/Downloads/Ven-Barbershop/vendor/laravel/framework/src/Illuminate/Foundation/Http/Kernel.php(200): Illuminate\\Routing\\Router->dispatch(Object(Illuminate\\Http\\Request))
#18 /Users/arsandiwirapanorama/Downloads/Ven-Barbershop/vendor/laravel/framework/src/Illuminate/Pipeline/Pipeline.php(144): Illuminate\\Foundation\\Http\\Kernel->Illuminate\\Foundation\\Http\\{closure}(Object(Illuminate\\Http\\Request))
#19 /Users/arsandiwirapanorama/Downloads/Ven-Barbershop/vendor/laravel/framework/src/Illuminate/Foundation/Http/Middleware/TransformsRequest.php(21): Illuminate\\Pipeline\\Pipeline->Illuminate\\Pipeline\\{closure}(Object(Illuminate\\Http\\Request))
#20 /Users/arsandiwirapanorama/Downloads/Ven-Barbershop/vendor/laravel/framework/src/Illuminate/Foundation/Http/Middleware/ConvertEmptyStringsToNull.php(31): Illuminate\\Foundation\\Http\\Middleware\\TransformsRequest->handle(Object(Illuminate\\Http\\Request), Object(Closure))
#21 /Users/arsandiwirapanorama/Downloads/Ven-Barbershop/vendor/laravel/framework/src/Illuminate/Pipeline/Pipeline.php(183): Illuminate\\Foundation\\Http\\Middleware\\ConvertEmptyStringsToNull->handle(Object(Illuminate\\Http\\Request), Object(Closure))
#22 /Users/arsandiwirapanorama/Downloads/Ven-Barbershop/vendor/laravel/framework/src/Illuminate/Foundation/Http/Middleware/TransformsRequest.php(21): Illuminate\\Pipeline\\Pipeline->Illuminate\\Pipeline\\{closure}(Object(Illuminate\\Http\\Request))
#23 /Users/arsandiwirapanorama/Downloads/Ven-Barbershop/vendor/laravel/framework/src/Illuminate/Foundation/Http/Middleware/TrimStrings.php(40): Illuminate\\Foundation\\Http\\Middleware\\TransformsRequest->handle(Object(Illuminate\\Http\\Request), Object(Closure))
#24 /Users/arsandiwirapanorama/Downloads/Ven-Barbershop/vendor/laravel/framework/src/Illuminate/Pipeline/Pipeline.php(183): Illuminate\\Foundation\\Http\\Middleware\\TrimStrings->handle(Object(Illuminate\\Http\\Request), Object(Closure))
#25 /Users/arsandiwirapanorama/Downloads/Ven-Barbershop/vendor/laravel/framework/src/Illuminate/Foundation/Http/Middleware/ValidatePostSize.php(27): Illuminate\\Pipeline\\Pipeline->Illuminate\\Pipeline\\{closure}(Object(Illuminate\\Http\\Request))
#26 /Users/arsandiwirapanorama/Downloads/Ven-Barbershop/vendor/laravel/framework/src/Illuminate/Pipeline/Pipeline.php(183): Illuminate\\Foundation\\Http\\Middleware\\ValidatePostSize->handle(Object(Illuminate\\Http\\Request), Object(Closure))
#27 /Users/arsandiwirapanorama/Downloads/Ven-Barbershop/vendor/laravel/framework/src/Illuminate/Foundation/Http/Middleware/PreventRequestsDuringMaintenance.php(99): Illuminate\\Pipeline\\Pipeline->Illuminate\\Pipeline\\{closure}(Object(Illuminate\\Http\\Request))
#28 /Users/arsandiwirapanorama/Downloads/Ven-Barbershop/vendor/laravel/framework/src/Illuminate/Pipeline/Pipeline.php(183): Illuminate\\Foundation\\Http\\Middleware\\PreventRequestsDuringMaintenance->handle(Object(Illuminate\\Http\\Request), Object(Closure))
#29 /Users/arsandiwirapanorama/Downloads/Ven-Barbershop/vendor/laravel/framework/src/Illuminate/Http/Middleware/HandleCors.php(62): Illuminate\\Pipeline\\Pipeline->Illuminate\\Pipeline\\{closure}(Object(Illuminate\\Http\\Request))
#30 /Users/arsandiwirapanorama/Downloads/Ven-Barbershop/vendor/laravel/framework/src/Illuminate/Pipeline/Pipeline.php(183): Illuminate\\Http\\Middleware\\HandleCors->handle(Object(Illuminate\\Http\\Request), Object(Closure))
#31 /Users/arsandiwirapanorama/Downloads/Ven-Barbershop/vendor/laravel/framework/src/Illuminate/Http/Middleware/TrustProxies.php(39): Illuminate\\Pipeline\\Pipeline->Illuminate\\Pipeline\\{closure}(Object(Illuminate\\Http\\Request))
#32 /Users/arsandiwirapanorama/Downloads/Ven-Barbershop/vendor/laravel/framework/src/Illuminate/Pipeline/Pipeline.php(183): Illuminate\\Http\\Middleware\\TrustProxies->handle(Object(Illuminate\\Http\\Request), Object(Closure))
#33 /Users/arsandiwirapanorama/Downloads/Ven-Barbershop/vendor/laravel/framework/src/Illuminate/Pipeline/Pipeline.php(119): Illuminate\\Pipeline\\Pipeline->Illuminate\\Pipeline\\{closure}(Object(Illuminate\\Http\\Request))
#34 /Users/arsandiwirapanorama/Downloads/Ven-Barbershop/vendor/laravel/framework/src/Illuminate/Foundation/Http/Kernel.php(175): Illuminate\\Pipeline\\Pipeline->then(Object(Closure))
#35 /Users/arsandiwirapanorama/Downloads/Ven-Barbershop/vendor/laravel/framework/src/Illuminate/Foundation/Http/Kernel.php(144): Illuminate\\Foundation\\Http\\Kernel->sendRequestThroughRouter(Object(Illuminate\\Http\\Request))
#36 /Users/arsandiwirapanorama/Downloads/Ven-Barbershop/public/index.php(51): Illuminate\\Foundation\\Http\\Kernel->handle(Object(Illuminate\\Http\\Request))
#37 /Users/arsandiwirapanorama/Downloads/Ven-Barbershop/vendor/laravel/framework/src/Illuminate/Foundation/resources/server.php(16): require_once('/Users/arsandiw...')
#38 {main}
"} 
[2025-08-04 12:50:38] local.ERROR: Command "migarte" is not defined.

Did you mean one of these?
    migrate
    migrate:fresh
    migrate:install
    migrate:refresh
    migrate:reset
    migrate:rollback
    migrate:status {"exception":"[object] (Symfony\\Component\\Console\\Exception\\CommandNotFoundException(code: 0): Command \"migarte\" is not defined.

Did you mean one of these?
    migrate
    migrate:fresh
    migrate:install
    migrate:refresh
    migrate:reset
    migrate:rollback
    migrate:status at /Users/arsandiwirapanorama/Downloads/Ven-Barbershop/vendor/symfony/console/Application.php:737)
[stacktrace]
#0 /Users/arsandiwirapanorama/Downloads/Ven-Barbershop/vendor/symfony/console/Application.php(266): Symfony\\Component\\Console\\Application->find('migarte')
#1 /Users/arsandiwirapanorama/Downloads/Ven-Barbershop/vendor/symfony/console/Application.php(175): Symfony\\Component\\Console\\Application->doRun(Object(Symfony\\Component\\Console\\Input\\ArgvInput), Object(Symfony\\Component\\Console\\Output\\ConsoleOutput))
#2 /Users/arsandiwirapanorama/Downloads/Ven-Barbershop/vendor/laravel/framework/src/Illuminate/Foundation/Console/Kernel.php(201): Symfony\\Component\\Console\\Application->run(Object(Symfony\\Component\\Console\\Input\\ArgvInput), Object(Symfony\\Component\\Console\\Output\\ConsoleOutput))
#3 /Users/arsandiwirapanorama/Downloads/Ven-Barbershop/artisan(35): Illuminate\\Foundation\\Console\\Kernel->handle(Object(Symfony\\Component\\Console\\Input\\ArgvInput), Object(Symfony\\Component\\Console\\Output\\ConsoleOutput))
#4 {main}
"} 
[2025-08-04 13:05:14] local.ERROR: Call to undefined relationship [user] on model [App\Models\News]. {"exception":"[object] (Illuminate\\Database\\Eloquent\\RelationNotFoundException(code: 0): Call to undefined relationship [user] on model [App\\Models\\News]. at /Users/arsandiwirapanorama/Downloads/Ven-Barbershop/vendor/laravel/framework/src/Illuminate/Database/Eloquent/RelationNotFoundException.php:35)
[stacktrace]
#0 /Users/arsandiwirapanorama/Downloads/Ven-Barbershop/vendor/laravel/framework/src/Illuminate/Database/Eloquent/Builder.php(806): Illuminate\\Database\\Eloquent\\RelationNotFoundException::make(Object(App\\Models\\News), 'user')
#1 /Users/arsandiwirapanorama/Downloads/Ven-Barbershop/vendor/laravel/framework/src/Illuminate/Database/Eloquent/Relations/Relation.php(110): Illuminate\\Database\\Eloquent\\Builder->Illuminate\\Database\\Eloquent\\{closure}()
#2 /Users/arsandiwirapanorama/Downloads/Ven-Barbershop/vendor/laravel/framework/src/Illuminate/Database/Eloquent/Builder.php(802): Illuminate\\Database\\Eloquent\\Relations\\Relation::noConstraints(Object(Closure))
#3 /Users/arsandiwirapanorama/Downloads/Ven-Barbershop/vendor/laravel/framework/src/Illuminate/Database/Eloquent/Builder.php(776): Illuminate\\Database\\Eloquent\\Builder->getRelation('user')
#4 /Users/arsandiwirapanorama/Downloads/Ven-Barbershop/vendor/laravel/framework/src/Illuminate/Database/Eloquent/Builder.php(756): Illuminate\\Database\\Eloquent\\Builder->eagerLoadRelation(Array, 'user', Object(Closure))
#5 /Users/arsandiwirapanorama/Downloads/Ven-Barbershop/vendor/laravel/framework/src/Illuminate/Database/Eloquent/Builder.php(724): Illuminate\\Database\\Eloquent\\Builder->eagerLoadRelations(Array)
#6 /Users/arsandiwirapanorama/Downloads/Ven-Barbershop/vendor/laravel/framework/src/Illuminate/Database/Eloquent/Builder.php(931): Illuminate\\Database\\Eloquent\\Builder->get(Array)
#7 /Users/arsandiwirapanorama/Downloads/Ven-Barbershop/app/Services/NewsService.php(50): Illuminate\\Database\\Eloquent\\Builder->paginate('10')
#8 /Users/arsandiwirapanorama/Downloads/Ven-Barbershop/app/Http/Controllers/Api/NewsController.php(44): App\\Services\\NewsService->getPaginate('10', NULL, Array)
#9 /Users/arsandiwirapanorama/Downloads/Ven-Barbershop/vendor/laravel/framework/src/Illuminate/Routing/Controller.php(54): App\\Http\\Controllers\\Api\\NewsController->getPaginate(Object(Illuminate\\Http\\Request))
#10 /Users/arsandiwirapanorama/Downloads/Ven-Barbershop/vendor/laravel/framework/src/Illuminate/Routing/ControllerDispatcher.php(43): Illuminate\\Routing\\Controller->callAction('getPaginate', Array)
#11 /Users/arsandiwirapanorama/Downloads/Ven-Barbershop/vendor/laravel/framework/src/Illuminate/Routing/Route.php(259): Illuminate\\Routing\\ControllerDispatcher->dispatch(Object(Illuminate\\Routing\\Route), Object(App\\Http\\Controllers\\Api\\NewsController), 'getPaginate')
#12 /Users/arsandiwirapanorama/Downloads/Ven-Barbershop/vendor/laravel/framework/src/Illuminate/Routing/Route.php(205): Illuminate\\Routing\\Route->runController()
#13 /Users/arsandiwirapanorama/Downloads/Ven-Barbershop/vendor/laravel/framework/src/Illuminate/Routing/Router.php(806): Illuminate\\Routing\\Route->run()
#14 /Users/arsandiwirapanorama/Downloads/Ven-Barbershop/vendor/laravel/framework/src/Illuminate/Pipeline/Pipeline.php(144): Illuminate\\Routing\\Router->Illuminate\\Routing\\{closure}(Object(Illuminate\\Http\\Request))
#15 /Users/arsandiwirapanorama/Downloads/Ven-Barbershop/vendor/laravel/framework/src/Illuminate/Routing/Middleware/SubstituteBindings.php(50): Illuminate\\Pipeline\\Pipeline->Illuminate\\Pipeline\\{closure}(Object(Illuminate\\Http\\Request))
#16 /Users/arsandiwirapanorama/Downloads/Ven-Barbershop/vendor/laravel/framework/src/Illuminate/Pipeline/Pipeline.php(183): Illuminate\\Routing\\Middleware\\SubstituteBindings->handle(Object(Illuminate\\Http\\Request), Object(Closure))
#17 /Users/arsandiwirapanorama/Downloads/Ven-Barbershop/vendor/laravel/framework/src/Illuminate/Routing/Middleware/ThrottleRequests.php(159): Illuminate\\Pipeline\\Pipeline->Illuminate\\Pipeline\\{closure}(Object(Illuminate\\Http\\Request))
#18 /Users/arsandiwirapanorama/Downloads/Ven-Barbershop/vendor/laravel/framework/src/Illuminate/Routing/Middleware/ThrottleRequests.php(125): Illuminate\\Routing\\Middleware\\ThrottleRequests->handleRequest(Object(Illuminate\\Http\\Request), Object(Closure), Array)
#19 /Users/arsandiwirapanorama/Downloads/Ven-Barbershop/vendor/laravel/framework/src/Illuminate/Routing/Middleware/ThrottleRequests.php(87): Illuminate\\Routing\\Middleware\\ThrottleRequests->handleRequestUsingNamedLimiter(Object(Illuminate\\Http\\Request), Object(Closure), 'api', Object(Closure))
#20 /Users/arsandiwirapanorama/Downloads/Ven-Barbershop/vendor/laravel/framework/src/Illuminate/Pipeline/Pipeline.php(183): Illuminate\\Routing\\Middleware\\ThrottleRequests->handle(Object(Illuminate\\Http\\Request), Object(Closure), 'api')
#21 /Users/arsandiwirapanorama/Downloads/Ven-Barbershop/vendor/laravel/framework/src/Illuminate/Pipeline/Pipeline.php(119): Illuminate\\Pipeline\\Pipeline->Illuminate\\Pipeline\\{closure}(Object(Illuminate\\Http\\Request))
#22 /Users/arsandiwirapanorama/Downloads/Ven-Barbershop/vendor/laravel/framework/src/Illuminate/Routing/Router.php(805): Illuminate\\Pipeline\\Pipeline->then(Object(Closure))
#23 /Users/arsandiwirapanorama/Downloads/Ven-Barbershop/vendor/laravel/framework/src/Illuminate/Routing/Router.php(784): Illuminate\\Routing\\Router->runRouteWithinStack(Object(Illuminate\\Routing\\Route), Object(Illuminate\\Http\\Request))
#24 /Users/arsandiwirapanorama/Downloads/Ven-Barbershop/vendor/laravel/framework/src/Illuminate/Routing/Router.php(748): Illuminate\\Routing\\Router->runRoute(Object(Illuminate\\Http\\Request), Object(Illuminate\\Routing\\Route))
#25 /Users/arsandiwirapanorama/Downloads/Ven-Barbershop/vendor/laravel/framework/src/Illuminate/Routing/Router.php(737): Illuminate\\Routing\\Router->dispatchToRoute(Object(Illuminate\\Http\\Request))
#26 /Users/arsandiwirapanorama/Downloads/Ven-Barbershop/vendor/laravel/framework/src/Illuminate/Foundation/Http/Kernel.php(200): Illuminate\\Routing\\Router->dispatch(Object(Illuminate\\Http\\Request))
#27 /Users/arsandiwirapanorama/Downloads/Ven-Barbershop/vendor/laravel/framework/src/Illuminate/Pipeline/Pipeline.php(144): Illuminate\\Foundation\\Http\\Kernel->Illuminate\\Foundation\\Http\\{closure}(Object(Illuminate\\Http\\Request))
#28 /Users/arsandiwirapanorama/Downloads/Ven-Barbershop/vendor/laravel/framework/src/Illuminate/Foundation/Http/Middleware/TransformsRequest.php(21): Illuminate\\Pipeline\\Pipeline->Illuminate\\Pipeline\\{closure}(Object(Illuminate\\Http\\Request))
#29 /Users/arsandiwirapanorama/Downloads/Ven-Barbershop/vendor/laravel/framework/src/Illuminate/Foundation/Http/Middleware/ConvertEmptyStringsToNull.php(31): Illuminate\\Foundation\\Http\\Middleware\\TransformsRequest->handle(Object(Illuminate\\Http\\Request), Object(Closure))
#30 /Users/arsandiwirapanorama/Downloads/Ven-Barbershop/vendor/laravel/framework/src/Illuminate/Pipeline/Pipeline.php(183): Illuminate\\Foundation\\Http\\Middleware\\ConvertEmptyStringsToNull->handle(Object(Illuminate\\Http\\Request), Object(Closure))
#31 /Users/arsandiwirapanorama/Downloads/Ven-Barbershop/vendor/laravel/framework/src/Illuminate/Foundation/Http/Middleware/TransformsRequest.php(21): Illuminate\\Pipeline\\Pipeline->Illuminate\\Pipeline\\{closure}(Object(Illuminate\\Http\\Request))
#32 /Users/arsandiwirapanorama/Downloads/Ven-Barbershop/vendor/laravel/framework/src/Illuminate/Foundation/Http/Middleware/TrimStrings.php(40): Illuminate\\Foundation\\Http\\Middleware\\TransformsRequest->handle(Object(Illuminate\\Http\\Request), Object(Closure))
#33 /Users/arsandiwirapanorama/Downloads/Ven-Barbershop/vendor/laravel/framework/src/Illuminate/Pipeline/Pipeline.php(183): Illuminate\\Foundation\\Http\\Middleware\\TrimStrings->handle(Object(Illuminate\\Http\\Request), Object(Closure))
#34 /Users/arsandiwirapanorama/Downloads/Ven-Barbershop/vendor/laravel/framework/src/Illuminate/Foundation/Http/Middleware/ValidatePostSize.php(27): Illuminate\\Pipeline\\Pipeline->Illuminate\\Pipeline\\{closure}(Object(Illuminate\\Http\\Request))
#35 /Users/arsandiwirapanorama/Downloads/Ven-Barbershop/vendor/laravel/framework/src/Illuminate/Pipeline/Pipeline.php(183): Illuminate\\Foundation\\Http\\Middleware\\ValidatePostSize->handle(Object(Illuminate\\Http\\Request), Object(Closure))
#36 /Users/arsandiwirapanorama/Downloads/Ven-Barbershop/vendor/laravel/framework/src/Illuminate/Foundation/Http/Middleware/PreventRequestsDuringMaintenance.php(99): Illuminate\\Pipeline\\Pipeline->Illuminate\\Pipeline\\{closure}(Object(Illuminate\\Http\\Request))
#37 /Users/arsandiwirapanorama/Downloads/Ven-Barbershop/vendor/laravel/framework/src/Illuminate/Pipeline/Pipeline.php(183): Illuminate\\Foundation\\Http\\Middleware\\PreventRequestsDuringMaintenance->handle(Object(Illuminate\\Http\\Request), Object(Closure))
#38 /Users/arsandiwirapanorama/Downloads/Ven-Barbershop/vendor/laravel/framework/src/Illuminate/Http/Middleware/HandleCors.php(62): Illuminate\\Pipeline\\Pipeline->Illuminate\\Pipeline\\{closure}(Object(Illuminate\\Http\\Request))
#39 /Users/arsandiwirapanorama/Downloads/Ven-Barbershop/vendor/laravel/framework/src/Illuminate/Pipeline/Pipeline.php(183): Illuminate\\Http\\Middleware\\HandleCors->handle(Object(Illuminate\\Http\\Request), Object(Closure))
#40 /Users/arsandiwirapanorama/Downloads/Ven-Barbershop/vendor/laravel/framework/src/Illuminate/Http/Middleware/TrustProxies.php(39): Illuminate\\Pipeline\\Pipeline->Illuminate\\Pipeline\\{closure}(Object(Illuminate\\Http\\Request))
#41 /Users/arsandiwirapanorama/Downloads/Ven-Barbershop/vendor/laravel/framework/src/Illuminate/Pipeline/Pipeline.php(183): Illuminate\\Http\\Middleware\\TrustProxies->handle(Object(Illuminate\\Http\\Request), Object(Closure))
#42 /Users/arsandiwirapanorama/Downloads/Ven-Barbershop/vendor/laravel/framework/src/Illuminate/Pipeline/Pipeline.php(119): Illuminate\\Pipeline\\Pipeline->Illuminate\\Pipeline\\{closure}(Object(Illuminate\\Http\\Request))
#43 /Users/arsandiwirapanorama/Downloads/Ven-Barbershop/vendor/laravel/framework/src/Illuminate/Foundation/Http/Kernel.php(175): Illuminate\\Pipeline\\Pipeline->then(Object(Closure))
#44 /Users/arsandiwirapanorama/Downloads/Ven-Barbershop/vendor/laravel/framework/src/Illuminate/Foundation/Http/Kernel.php(144): Illuminate\\Foundation\\Http\\Kernel->sendRequestThroughRouter(Object(Illuminate\\Http\\Request))
#45 /Users/arsandiwirapanorama/Downloads/Ven-Barbershop/public/index.php(51): Illuminate\\Foundation\\Http\\Kernel->handle(Object(Illuminate\\Http\\Request))
#46 /Users/arsandiwirapanorama/Downloads/Ven-Barbershop/vendor/laravel/framework/src/Illuminate/Foundation/resources/server.php(16): require_once('/Users/arsandiw...')
#47 {main}
"} 
[2025-08-04 13:05:20] local.ERROR: Call to undefined relationship [user] on model [App\Models\News]. {"exception":"[object] (Illuminate\\Database\\Eloquent\\RelationNotFoundException(code: 0): Call to undefined relationship [user] on model [App\\Models\\News]. at /Users/arsandiwirapanorama/Downloads/Ven-Barbershop/vendor/laravel/framework/src/Illuminate/Database/Eloquent/RelationNotFoundException.php:35)
[stacktrace]
#0 /Users/arsandiwirapanorama/Downloads/Ven-Barbershop/vendor/laravel/framework/src/Illuminate/Database/Eloquent/Builder.php(806): Illuminate\\Database\\Eloquent\\RelationNotFoundException::make(Object(App\\Models\\News), 'user')
#1 /Users/arsandiwirapanorama/Downloads/Ven-Barbershop/vendor/laravel/framework/src/Illuminate/Database/Eloquent/Relations/Relation.php(110): Illuminate\\Database\\Eloquent\\Builder->Illuminate\\Database\\Eloquent\\{closure}()
#2 /Users/arsandiwirapanorama/Downloads/Ven-Barbershop/vendor/laravel/framework/src/Illuminate/Database/Eloquent/Builder.php(802): Illuminate\\Database\\Eloquent\\Relations\\Relation::noConstraints(Object(Closure))
#3 /Users/arsandiwirapanorama/Downloads/Ven-Barbershop/vendor/laravel/framework/src/Illuminate/Database/Eloquent/Builder.php(776): Illuminate\\Database\\Eloquent\\Builder->getRelation('user')
#4 /Users/arsandiwirapanorama/Downloads/Ven-Barbershop/vendor/laravel/framework/src/Illuminate/Database/Eloquent/Builder.php(756): Illuminate\\Database\\Eloquent\\Builder->eagerLoadRelation(Array, 'user', Object(Closure))
#5 /Users/arsandiwirapanorama/Downloads/Ven-Barbershop/vendor/laravel/framework/src/Illuminate/Database/Eloquent/Builder.php(724): Illuminate\\Database\\Eloquent\\Builder->eagerLoadRelations(Array)
#6 /Users/arsandiwirapanorama/Downloads/Ven-Barbershop/vendor/laravel/framework/src/Illuminate/Database/Eloquent/Builder.php(931): Illuminate\\Database\\Eloquent\\Builder->get(Array)
#7 /Users/arsandiwirapanorama/Downloads/Ven-Barbershop/app/Services/NewsService.php(50): Illuminate\\Database\\Eloquent\\Builder->paginate('10')
#8 /Users/arsandiwirapanorama/Downloads/Ven-Barbershop/app/Http/Controllers/Api/NewsController.php(44): App\\Services\\NewsService->getPaginate('10', NULL, Array)
#9 /Users/arsandiwirapanorama/Downloads/Ven-Barbershop/vendor/laravel/framework/src/Illuminate/Routing/Controller.php(54): App\\Http\\Controllers\\Api\\NewsController->getPaginate(Object(Illuminate\\Http\\Request))
#10 /Users/arsandiwirapanorama/Downloads/Ven-Barbershop/vendor/laravel/framework/src/Illuminate/Routing/ControllerDispatcher.php(43): Illuminate\\Routing\\Controller->callAction('getPaginate', Array)
#11 /Users/arsandiwirapanorama/Downloads/Ven-Barbershop/vendor/laravel/framework/src/Illuminate/Routing/Route.php(259): Illuminate\\Routing\\ControllerDispatcher->dispatch(Object(Illuminate\\Routing\\Route), Object(App\\Http\\Controllers\\Api\\NewsController), 'getPaginate')
#12 /Users/arsandiwirapanorama/Downloads/Ven-Barbershop/vendor/laravel/framework/src/Illuminate/Routing/Route.php(205): Illuminate\\Routing\\Route->runController()
#13 /Users/arsandiwirapanorama/Downloads/Ven-Barbershop/vendor/laravel/framework/src/Illuminate/Routing/Router.php(806): Illuminate\\Routing\\Route->run()
#14 /Users/arsandiwirapanorama/Downloads/Ven-Barbershop/vendor/laravel/framework/src/Illuminate/Pipeline/Pipeline.php(144): Illuminate\\Routing\\Router->Illuminate\\Routing\\{closure}(Object(Illuminate\\Http\\Request))
#15 /Users/arsandiwirapanorama/Downloads/Ven-Barbershop/vendor/laravel/framework/src/Illuminate/Routing/Middleware/SubstituteBindings.php(50): Illuminate\\Pipeline\\Pipeline->Illuminate\\Pipeline\\{closure}(Object(Illuminate\\Http\\Request))
#16 /Users/arsandiwirapanorama/Downloads/Ven-Barbershop/vendor/laravel/framework/src/Illuminate/Pipeline/Pipeline.php(183): Illuminate\\Routing\\Middleware\\SubstituteBindings->handle(Object(Illuminate\\Http\\Request), Object(Closure))
#17 /Users/arsandiwirapanorama/Downloads/Ven-Barbershop/vendor/laravel/framework/src/Illuminate/Routing/Middleware/ThrottleRequests.php(159): Illuminate\\Pipeline\\Pipeline->Illuminate\\Pipeline\\{closure}(Object(Illuminate\\Http\\Request))
#18 /Users/arsandiwirapanorama/Downloads/Ven-Barbershop/vendor/laravel/framework/src/Illuminate/Routing/Middleware/ThrottleRequests.php(125): Illuminate\\Routing\\Middleware\\ThrottleRequests->handleRequest(Object(Illuminate\\Http\\Request), Object(Closure), Array)
#19 /Users/arsandiwirapanorama/Downloads/Ven-Barbershop/vendor/laravel/framework/src/Illuminate/Routing/Middleware/ThrottleRequests.php(87): Illuminate\\Routing\\Middleware\\ThrottleRequests->handleRequestUsingNamedLimiter(Object(Illuminate\\Http\\Request), Object(Closure), 'api', Object(Closure))
#20 /Users/arsandiwirapanorama/Downloads/Ven-Barbershop/vendor/laravel/framework/src/Illuminate/Pipeline/Pipeline.php(183): Illuminate\\Routing\\Middleware\\ThrottleRequests->handle(Object(Illuminate\\Http\\Request), Object(Closure), 'api')
#21 /Users/arsandiwirapanorama/Downloads/Ven-Barbershop/vendor/laravel/framework/src/Illuminate/Pipeline/Pipeline.php(119): Illuminate\\Pipeline\\Pipeline->Illuminate\\Pipeline\\{closure}(Object(Illuminate\\Http\\Request))
#22 /Users/arsandiwirapanorama/Downloads/Ven-Barbershop/vendor/laravel/framework/src/Illuminate/Routing/Router.php(805): Illuminate\\Pipeline\\Pipeline->then(Object(Closure))
#23 /Users/arsandiwirapanorama/Downloads/Ven-Barbershop/vendor/laravel/framework/src/Illuminate/Routing/Router.php(784): Illuminate\\Routing\\Router->runRouteWithinStack(Object(Illuminate\\Routing\\Route), Object(Illuminate\\Http\\Request))
#24 /Users/arsandiwirapanorama/Downloads/Ven-Barbershop/vendor/laravel/framework/src/Illuminate/Routing/Router.php(748): Illuminate\\Routing\\Router->runRoute(Object(Illuminate\\Http\\Request), Object(Illuminate\\Routing\\Route))
#25 /Users/arsandiwirapanorama/Downloads/Ven-Barbershop/vendor/laravel/framework/src/Illuminate/Routing/Router.php(737): Illuminate\\Routing\\Router->dispatchToRoute(Object(Illuminate\\Http\\Request))
#26 /Users/arsandiwirapanorama/Downloads/Ven-Barbershop/vendor/laravel/framework/src/Illuminate/Foundation/Http/Kernel.php(200): Illuminate\\Routing\\Router->dispatch(Object(Illuminate\\Http\\Request))
#27 /Users/arsandiwirapanorama/Downloads/Ven-Barbershop/vendor/laravel/framework/src/Illuminate/Pipeline/Pipeline.php(144): Illuminate\\Foundation\\Http\\Kernel->Illuminate\\Foundation\\Http\\{closure}(Object(Illuminate\\Http\\Request))
#28 /Users/arsandiwirapanorama/Downloads/Ven-Barbershop/vendor/laravel/framework/src/Illuminate/Foundation/Http/Middleware/TransformsRequest.php(21): Illuminate\\Pipeline\\Pipeline->Illuminate\\Pipeline\\{closure}(Object(Illuminate\\Http\\Request))
#29 /Users/arsandiwirapanorama/Downloads/Ven-Barbershop/vendor/laravel/framework/src/Illuminate/Foundation/Http/Middleware/ConvertEmptyStringsToNull.php(31): Illuminate\\Foundation\\Http\\Middleware\\TransformsRequest->handle(Object(Illuminate\\Http\\Request), Object(Closure))
#30 /Users/arsandiwirapanorama/Downloads/Ven-Barbershop/vendor/laravel/framework/src/Illuminate/Pipeline/Pipeline.php(183): Illuminate\\Foundation\\Http\\Middleware\\ConvertEmptyStringsToNull->handle(Object(Illuminate\\Http\\Request), Object(Closure))
#31 /Users/arsandiwirapanorama/Downloads/Ven-Barbershop/vendor/laravel/framework/src/Illuminate/Foundation/Http/Middleware/TransformsRequest.php(21): Illuminate\\Pipeline\\Pipeline->Illuminate\\Pipeline\\{closure}(Object(Illuminate\\Http\\Request))
#32 /Users/arsandiwirapanorama/Downloads/Ven-Barbershop/vendor/laravel/framework/src/Illuminate/Foundation/Http/Middleware/TrimStrings.php(40): Illuminate\\Foundation\\Http\\Middleware\\TransformsRequest->handle(Object(Illuminate\\Http\\Request), Object(Closure))
#33 /Users/arsandiwirapanorama/Downloads/Ven-Barbershop/vendor/laravel/framework/src/Illuminate/Pipeline/Pipeline.php(183): Illuminate\\Foundation\\Http\\Middleware\\TrimStrings->handle(Object(Illuminate\\Http\\Request), Object(Closure))
#34 /Users/arsandiwirapanorama/Downloads/Ven-Barbershop/vendor/laravel/framework/src/Illuminate/Foundation/Http/Middleware/ValidatePostSize.php(27): Illuminate\\Pipeline\\Pipeline->Illuminate\\Pipeline\\{closure}(Object(Illuminate\\Http\\Request))
#35 /Users/arsandiwirapanorama/Downloads/Ven-Barbershop/vendor/laravel/framework/src/Illuminate/Pipeline/Pipeline.php(183): Illuminate\\Foundation\\Http\\Middleware\\ValidatePostSize->handle(Object(Illuminate\\Http\\Request), Object(Closure))
#36 /Users/arsandiwirapanorama/Downloads/Ven-Barbershop/vendor/laravel/framework/src/Illuminate/Foundation/Http/Middleware/PreventRequestsDuringMaintenance.php(99): Illuminate\\Pipeline\\Pipeline->Illuminate\\Pipeline\\{closure}(Object(Illuminate\\Http\\Request))
#37 /Users/arsandiwirapanorama/Downloads/Ven-Barbershop/vendor/laravel/framework/src/Illuminate/Pipeline/Pipeline.php(183): Illuminate\\Foundation\\Http\\Middleware\\PreventRequestsDuringMaintenance->handle(Object(Illuminate\\Http\\Request), Object(Closure))
#38 /Users/arsandiwirapanorama/Downloads/Ven-Barbershop/vendor/laravel/framework/src/Illuminate/Http/Middleware/HandleCors.php(62): Illuminate\\Pipeline\\Pipeline->Illuminate\\Pipeline\\{closure}(Object(Illuminate\\Http\\Request))
#39 /Users/arsandiwirapanorama/Downloads/Ven-Barbershop/vendor/laravel/framework/src/Illuminate/Pipeline/Pipeline.php(183): Illuminate\\Http\\Middleware\\HandleCors->handle(Object(Illuminate\\Http\\Request), Object(Closure))
#40 /Users/arsandiwirapanorama/Downloads/Ven-Barbershop/vendor/laravel/framework/src/Illuminate/Http/Middleware/TrustProxies.php(39): Illuminate\\Pipeline\\Pipeline->Illuminate\\Pipeline\\{closure}(Object(Illuminate\\Http\\Request))
#41 /Users/arsandiwirapanorama/Downloads/Ven-Barbershop/vendor/laravel/framework/src/Illuminate/Pipeline/Pipeline.php(183): Illuminate\\Http\\Middleware\\TrustProxies->handle(Object(Illuminate\\Http\\Request), Object(Closure))
#42 /Users/arsandiwirapanorama/Downloads/Ven-Barbershop/vendor/laravel/framework/src/Illuminate/Pipeline/Pipeline.php(119): Illuminate\\Pipeline\\Pipeline->Illuminate\\Pipeline\\{closure}(Object(Illuminate\\Http\\Request))
#43 /Users/arsandiwirapanorama/Downloads/Ven-Barbershop/vendor/laravel/framework/src/Illuminate/Foundation/Http/Kernel.php(175): Illuminate\\Pipeline\\Pipeline->then(Object(Closure))
#44 /Users/arsandiwirapanorama/Downloads/Ven-Barbershop/vendor/laravel/framework/src/Illuminate/Foundation/Http/Kernel.php(144): Illuminate\\Foundation\\Http\\Kernel->sendRequestThroughRouter(Object(Illuminate\\Http\\Request))
#45 /Users/arsandiwirapanorama/Downloads/Ven-Barbershop/public/index.php(51): Illuminate\\Foundation\\Http\\Kernel->handle(Object(Illuminate\\Http\\Request))
#46 /Users/arsandiwirapanorama/Downloads/Ven-Barbershop/vendor/laravel/framework/src/Illuminate/Foundation/resources/server.php(16): require_once('/Users/arsandiw...')
#47 {main}
"} 
[2025-08-04 13:05:58] local.ERROR: Call to undefined relationship [user] on model [App\Models\News]. {"exception":"[object] (Illuminate\\Database\\Eloquent\\RelationNotFoundException(code: 0): Call to undefined relationship [user] on model [App\\Models\\News]. at /Users/arsandiwirapanorama/Downloads/Ven-Barbershop/vendor/laravel/framework/src/Illuminate/Database/Eloquent/RelationNotFoundException.php:35)
[stacktrace]
#0 /Users/arsandiwirapanorama/Downloads/Ven-Barbershop/vendor/laravel/framework/src/Illuminate/Database/Eloquent/Builder.php(806): Illuminate\\Database\\Eloquent\\RelationNotFoundException::make(Object(App\\Models\\News), 'user')
#1 /Users/arsandiwirapanorama/Downloads/Ven-Barbershop/vendor/laravel/framework/src/Illuminate/Database/Eloquent/Relations/Relation.php(110): Illuminate\\Database\\Eloquent\\Builder->Illuminate\\Database\\Eloquent\\{closure}()
#2 /Users/arsandiwirapanorama/Downloads/Ven-Barbershop/vendor/laravel/framework/src/Illuminate/Database/Eloquent/Builder.php(802): Illuminate\\Database\\Eloquent\\Relations\\Relation::noConstraints(Object(Closure))
#3 /Users/arsandiwirapanorama/Downloads/Ven-Barbershop/vendor/laravel/framework/src/Illuminate/Database/Eloquent/Builder.php(776): Illuminate\\Database\\Eloquent\\Builder->getRelation('user')
#4 /Users/arsandiwirapanorama/Downloads/Ven-Barbershop/vendor/laravel/framework/src/Illuminate/Database/Eloquent/Builder.php(756): Illuminate\\Database\\Eloquent\\Builder->eagerLoadRelation(Array, 'user', Object(Closure))
#5 /Users/arsandiwirapanorama/Downloads/Ven-Barbershop/vendor/laravel/framework/src/Illuminate/Database/Eloquent/Builder.php(724): Illuminate\\Database\\Eloquent\\Builder->eagerLoadRelations(Array)
#6 /Users/arsandiwirapanorama/Downloads/Ven-Barbershop/vendor/laravel/framework/src/Illuminate/Database/Eloquent/Builder.php(931): Illuminate\\Database\\Eloquent\\Builder->get(Array)
#7 /Users/arsandiwirapanorama/Downloads/Ven-Barbershop/app/Services/NewsService.php(50): Illuminate\\Database\\Eloquent\\Builder->paginate('10')
#8 /Users/arsandiwirapanorama/Downloads/Ven-Barbershop/app/Http/Controllers/Api/NewsController.php(44): App\\Services\\NewsService->getPaginate('10', NULL, Array)
#9 /Users/arsandiwirapanorama/Downloads/Ven-Barbershop/vendor/laravel/framework/src/Illuminate/Routing/Controller.php(54): App\\Http\\Controllers\\Api\\NewsController->getPaginate(Object(Illuminate\\Http\\Request))
#10 /Users/arsandiwirapanorama/Downloads/Ven-Barbershop/vendor/laravel/framework/src/Illuminate/Routing/ControllerDispatcher.php(43): Illuminate\\Routing\\Controller->callAction('getPaginate', Array)
#11 /Users/arsandiwirapanorama/Downloads/Ven-Barbershop/vendor/laravel/framework/src/Illuminate/Routing/Route.php(259): Illuminate\\Routing\\ControllerDispatcher->dispatch(Object(Illuminate\\Routing\\Route), Object(App\\Http\\Controllers\\Api\\NewsController), 'getPaginate')
#12 /Users/arsandiwirapanorama/Downloads/Ven-Barbershop/vendor/laravel/framework/src/Illuminate/Routing/Route.php(205): Illuminate\\Routing\\Route->runController()
#13 /Users/arsandiwirapanorama/Downloads/Ven-Barbershop/vendor/laravel/framework/src/Illuminate/Routing/Router.php(806): Illuminate\\Routing\\Route->run()
#14 /Users/arsandiwirapanorama/Downloads/Ven-Barbershop/vendor/laravel/framework/src/Illuminate/Pipeline/Pipeline.php(144): Illuminate\\Routing\\Router->Illuminate\\Routing\\{closure}(Object(Illuminate\\Http\\Request))
#15 /Users/arsandiwirapanorama/Downloads/Ven-Barbershop/vendor/laravel/framework/src/Illuminate/Routing/Middleware/SubstituteBindings.php(50): Illuminate\\Pipeline\\Pipeline->Illuminate\\Pipeline\\{closure}(Object(Illuminate\\Http\\Request))
#16 /Users/arsandiwirapanorama/Downloads/Ven-Barbershop/vendor/laravel/framework/src/Illuminate/Pipeline/Pipeline.php(183): Illuminate\\Routing\\Middleware\\SubstituteBindings->handle(Object(Illuminate\\Http\\Request), Object(Closure))
#17 /Users/arsandiwirapanorama/Downloads/Ven-Barbershop/vendor/laravel/framework/src/Illuminate/Routing/Middleware/ThrottleRequests.php(159): Illuminate\\Pipeline\\Pipeline->Illuminate\\Pipeline\\{closure}(Object(Illuminate\\Http\\Request))
#18 /Users/arsandiwirapanorama/Downloads/Ven-Barbershop/vendor/laravel/framework/src/Illuminate/Routing/Middleware/ThrottleRequests.php(125): Illuminate\\Routing\\Middleware\\ThrottleRequests->handleRequest(Object(Illuminate\\Http\\Request), Object(Closure), Array)
#19 /Users/arsandiwirapanorama/Downloads/Ven-Barbershop/vendor/laravel/framework/src/Illuminate/Routing/Middleware/ThrottleRequests.php(87): Illuminate\\Routing\\Middleware\\ThrottleRequests->handleRequestUsingNamedLimiter(Object(Illuminate\\Http\\Request), Object(Closure), 'api', Object(Closure))
#20 /Users/arsandiwirapanorama/Downloads/Ven-Barbershop/vendor/laravel/framework/src/Illuminate/Pipeline/Pipeline.php(183): Illuminate\\Routing\\Middleware\\ThrottleRequests->handle(Object(Illuminate\\Http\\Request), Object(Closure), 'api')
#21 /Users/arsandiwirapanorama/Downloads/Ven-Barbershop/vendor/laravel/framework/src/Illuminate/Pipeline/Pipeline.php(119): Illuminate\\Pipeline\\Pipeline->Illuminate\\Pipeline\\{closure}(Object(Illuminate\\Http\\Request))
#22 /Users/arsandiwirapanorama/Downloads/Ven-Barbershop/vendor/laravel/framework/src/Illuminate/Routing/Router.php(805): Illuminate\\Pipeline\\Pipeline->then(Object(Closure))
#23 /Users/arsandiwirapanorama/Downloads/Ven-Barbershop/vendor/laravel/framework/src/Illuminate/Routing/Router.php(784): Illuminate\\Routing\\Router->runRouteWithinStack(Object(Illuminate\\Routing\\Route), Object(Illuminate\\Http\\Request))
#24 /Users/arsandiwirapanorama/Downloads/Ven-Barbershop/vendor/laravel/framework/src/Illuminate/Routing/Router.php(748): Illuminate\\Routing\\Router->runRoute(Object(Illuminate\\Http\\Request), Object(Illuminate\\Routing\\Route))
#25 /Users/arsandiwirapanorama/Downloads/Ven-Barbershop/vendor/laravel/framework/src/Illuminate/Routing/Router.php(737): Illuminate\\Routing\\Router->dispatchToRoute(Object(Illuminate\\Http\\Request))
#26 /Users/arsandiwirapanorama/Downloads/Ven-Barbershop/vendor/laravel/framework/src/Illuminate/Foundation/Http/Kernel.php(200): Illuminate\\Routing\\Router->dispatch(Object(Illuminate\\Http\\Request))
#27 /Users/arsandiwirapanorama/Downloads/Ven-Barbershop/vendor/laravel/framework/src/Illuminate/Pipeline/Pipeline.php(144): Illuminate\\Foundation\\Http\\Kernel->Illuminate\\Foundation\\Http\\{closure}(Object(Illuminate\\Http\\Request))
#28 /Users/arsandiwirapanorama/Downloads/Ven-Barbershop/vendor/laravel/framework/src/Illuminate/Foundation/Http/Middleware/TransformsRequest.php(21): Illuminate\\Pipeline\\Pipeline->Illuminate\\Pipeline\\{closure}(Object(Illuminate\\Http\\Request))
#29 /Users/arsandiwirapanorama/Downloads/Ven-Barbershop/vendor/laravel/framework/src/Illuminate/Foundation/Http/Middleware/ConvertEmptyStringsToNull.php(31): Illuminate\\Foundation\\Http\\Middleware\\TransformsRequest->handle(Object(Illuminate\\Http\\Request), Object(Closure))
#30 /Users/arsandiwirapanorama/Downloads/Ven-Barbershop/vendor/laravel/framework/src/Illuminate/Pipeline/Pipeline.php(183): Illuminate\\Foundation\\Http\\Middleware\\ConvertEmptyStringsToNull->handle(Object(Illuminate\\Http\\Request), Object(Closure))
#31 /Users/arsandiwirapanorama/Downloads/Ven-Barbershop/vendor/laravel/framework/src/Illuminate/Foundation/Http/Middleware/TransformsRequest.php(21): Illuminate\\Pipeline\\Pipeline->Illuminate\\Pipeline\\{closure}(Object(Illuminate\\Http\\Request))
#32 /Users/arsandiwirapanorama/Downloads/Ven-Barbershop/vendor/laravel/framework/src/Illuminate/Foundation/Http/Middleware/TrimStrings.php(40): Illuminate\\Foundation\\Http\\Middleware\\TransformsRequest->handle(Object(Illuminate\\Http\\Request), Object(Closure))
#33 /Users/arsandiwirapanorama/Downloads/Ven-Barbershop/vendor/laravel/framework/src/Illuminate/Pipeline/Pipeline.php(183): Illuminate\\Foundation\\Http\\Middleware\\TrimStrings->handle(Object(Illuminate\\Http\\Request), Object(Closure))
#34 /Users/arsandiwirapanorama/Downloads/Ven-Barbershop/vendor/laravel/framework/src/Illuminate/Foundation/Http/Middleware/ValidatePostSize.php(27): Illuminate\\Pipeline\\Pipeline->Illuminate\\Pipeline\\{closure}(Object(Illuminate\\Http\\Request))
#35 /Users/arsandiwirapanorama/Downloads/Ven-Barbershop/vendor/laravel/framework/src/Illuminate/Pipeline/Pipeline.php(183): Illuminate\\Foundation\\Http\\Middleware\\ValidatePostSize->handle(Object(Illuminate\\Http\\Request), Object(Closure))
#36 /Users/arsandiwirapanorama/Downloads/Ven-Barbershop/vendor/laravel/framework/src/Illuminate/Foundation/Http/Middleware/PreventRequestsDuringMaintenance.php(99): Illuminate\\Pipeline\\Pipeline->Illuminate\\Pipeline\\{closure}(Object(Illuminate\\Http\\Request))
#37 /Users/arsandiwirapanorama/Downloads/Ven-Barbershop/vendor/laravel/framework/src/Illuminate/Pipeline/Pipeline.php(183): Illuminate\\Foundation\\Http\\Middleware\\PreventRequestsDuringMaintenance->handle(Object(Illuminate\\Http\\Request), Object(Closure))
#38 /Users/arsandiwirapanorama/Downloads/Ven-Barbershop/vendor/laravel/framework/src/Illuminate/Http/Middleware/HandleCors.php(62): Illuminate\\Pipeline\\Pipeline->Illuminate\\Pipeline\\{closure}(Object(Illuminate\\Http\\Request))
#39 /Users/arsandiwirapanorama/Downloads/Ven-Barbershop/vendor/laravel/framework/src/Illuminate/Pipeline/Pipeline.php(183): Illuminate\\Http\\Middleware\\HandleCors->handle(Object(Illuminate\\Http\\Request), Object(Closure))
#40 /Users/arsandiwirapanorama/Downloads/Ven-Barbershop/vendor/laravel/framework/src/Illuminate/Http/Middleware/TrustProxies.php(39): Illuminate\\Pipeline\\Pipeline->Illuminate\\Pipeline\\{closure}(Object(Illuminate\\Http\\Request))
#41 /Users/arsandiwirapanorama/Downloads/Ven-Barbershop/vendor/laravel/framework/src/Illuminate/Pipeline/Pipeline.php(183): Illuminate\\Http\\Middleware\\TrustProxies->handle(Object(Illuminate\\Http\\Request), Object(Closure))
#42 /Users/arsandiwirapanorama/Downloads/Ven-Barbershop/vendor/laravel/framework/src/Illuminate/Pipeline/Pipeline.php(119): Illuminate\\Pipeline\\Pipeline->Illuminate\\Pipeline\\{closure}(Object(Illuminate\\Http\\Request))
#43 /Users/arsandiwirapanorama/Downloads/Ven-Barbershop/vendor/laravel/framework/src/Illuminate/Foundation/Http/Kernel.php(175): Illuminate\\Pipeline\\Pipeline->then(Object(Closure))
#44 /Users/arsandiwirapanorama/Downloads/Ven-Barbershop/vendor/laravel/framework/src/Illuminate/Foundation/Http/Kernel.php(144): Illuminate\\Foundation\\Http\\Kernel->sendRequestThroughRouter(Object(Illuminate\\Http\\Request))
#45 /Users/arsandiwirapanorama/Downloads/Ven-Barbershop/public/index.php(51): Illuminate\\Foundation\\Http\\Kernel->handle(Object(Illuminate\\Http\\Request))
#46 /Users/arsandiwirapanorama/Downloads/Ven-Barbershop/vendor/laravel/framework/src/Illuminate/Foundation/resources/server.php(16): require_once('/Users/arsandiw...')
#47 {main}
"} 
[2025-08-04 13:07:03] local.ERROR: Call to undefined relationship [user] on model [App\Models\News]. {"exception":"[object] (Illuminate\\Database\\Eloquent\\RelationNotFoundException(code: 0): Call to undefined relationship [user] on model [App\\Models\\News]. at /Users/arsandiwirapanorama/Downloads/Ven-Barbershop/vendor/laravel/framework/src/Illuminate/Database/Eloquent/RelationNotFoundException.php:35)
[stacktrace]
#0 /Users/arsandiwirapanorama/Downloads/Ven-Barbershop/vendor/laravel/framework/src/Illuminate/Database/Eloquent/Builder.php(806): Illuminate\\Database\\Eloquent\\RelationNotFoundException::make(Object(App\\Models\\News), 'user')
#1 /Users/arsandiwirapanorama/Downloads/Ven-Barbershop/vendor/laravel/framework/src/Illuminate/Database/Eloquent/Relations/Relation.php(110): Illuminate\\Database\\Eloquent\\Builder->Illuminate\\Database\\Eloquent\\{closure}()
#2 /Users/arsandiwirapanorama/Downloads/Ven-Barbershop/vendor/laravel/framework/src/Illuminate/Database/Eloquent/Builder.php(802): Illuminate\\Database\\Eloquent\\Relations\\Relation::noConstraints(Object(Closure))
#3 /Users/arsandiwirapanorama/Downloads/Ven-Barbershop/vendor/laravel/framework/src/Illuminate/Database/Eloquent/Builder.php(776): Illuminate\\Database\\Eloquent\\Builder->getRelation('user')
#4 /Users/arsandiwirapanorama/Downloads/Ven-Barbershop/vendor/laravel/framework/src/Illuminate/Database/Eloquent/Builder.php(756): Illuminate\\Database\\Eloquent\\Builder->eagerLoadRelation(Array, 'user', Object(Closure))
#5 /Users/arsandiwirapanorama/Downloads/Ven-Barbershop/vendor/laravel/framework/src/Illuminate/Database/Eloquent/Builder.php(724): Illuminate\\Database\\Eloquent\\Builder->eagerLoadRelations(Array)
#6 /Users/arsandiwirapanorama/Downloads/Ven-Barbershop/vendor/laravel/framework/src/Illuminate/Database/Eloquent/Builder.php(931): Illuminate\\Database\\Eloquent\\Builder->get(Array)
#7 /Users/arsandiwirapanorama/Downloads/Ven-Barbershop/app/Services/NewsService.php(50): Illuminate\\Database\\Eloquent\\Builder->paginate('10')
#8 /Users/arsandiwirapanorama/Downloads/Ven-Barbershop/app/Http/Controllers/Api/NewsController.php(44): App\\Services\\NewsService->getPaginate('10', NULL, Array)
#9 /Users/arsandiwirapanorama/Downloads/Ven-Barbershop/vendor/laravel/framework/src/Illuminate/Routing/Controller.php(54): App\\Http\\Controllers\\Api\\NewsController->getPaginate(Object(Illuminate\\Http\\Request))
#10 /Users/arsandiwirapanorama/Downloads/Ven-Barbershop/vendor/laravel/framework/src/Illuminate/Routing/ControllerDispatcher.php(43): Illuminate\\Routing\\Controller->callAction('getPaginate', Array)
#11 /Users/arsandiwirapanorama/Downloads/Ven-Barbershop/vendor/laravel/framework/src/Illuminate/Routing/Route.php(259): Illuminate\\Routing\\ControllerDispatcher->dispatch(Object(Illuminate\\Routing\\Route), Object(App\\Http\\Controllers\\Api\\NewsController), 'getPaginate')
#12 /Users/arsandiwirapanorama/Downloads/Ven-Barbershop/vendor/laravel/framework/src/Illuminate/Routing/Route.php(205): Illuminate\\Routing\\Route->runController()
#13 /Users/arsandiwirapanorama/Downloads/Ven-Barbershop/vendor/laravel/framework/src/Illuminate/Routing/Router.php(806): Illuminate\\Routing\\Route->run()
#14 /Users/arsandiwirapanorama/Downloads/Ven-Barbershop/vendor/laravel/framework/src/Illuminate/Pipeline/Pipeline.php(144): Illuminate\\Routing\\Router->Illuminate\\Routing\\{closure}(Object(Illuminate\\Http\\Request))
#15 /Users/arsandiwirapanorama/Downloads/Ven-Barbershop/vendor/laravel/framework/src/Illuminate/Routing/Middleware/SubstituteBindings.php(50): Illuminate\\Pipeline\\Pipeline->Illuminate\\Pipeline\\{closure}(Object(Illuminate\\Http\\Request))
#16 /Users/arsandiwirapanorama/Downloads/Ven-Barbershop/vendor/laravel/framework/src/Illuminate/Pipeline/Pipeline.php(183): Illuminate\\Routing\\Middleware\\SubstituteBindings->handle(Object(Illuminate\\Http\\Request), Object(Closure))
#17 /Users/arsandiwirapanorama/Downloads/Ven-Barbershop/vendor/laravel/framework/src/Illuminate/Routing/Middleware/ThrottleRequests.php(159): Illuminate\\Pipeline\\Pipeline->Illuminate\\Pipeline\\{closure}(Object(Illuminate\\Http\\Request))
#18 /Users/arsandiwirapanorama/Downloads/Ven-Barbershop/vendor/laravel/framework/src/Illuminate/Routing/Middleware/ThrottleRequests.php(125): Illuminate\\Routing\\Middleware\\ThrottleRequests->handleRequest(Object(Illuminate\\Http\\Request), Object(Closure), Array)
#19 /Users/arsandiwirapanorama/Downloads/Ven-Barbershop/vendor/laravel/framework/src/Illuminate/Routing/Middleware/ThrottleRequests.php(87): Illuminate\\Routing\\Middleware\\ThrottleRequests->handleRequestUsingNamedLimiter(Object(Illuminate\\Http\\Request), Object(Closure), 'api', Object(Closure))
#20 /Users/arsandiwirapanorama/Downloads/Ven-Barbershop/vendor/laravel/framework/src/Illuminate/Pipeline/Pipeline.php(183): Illuminate\\Routing\\Middleware\\ThrottleRequests->handle(Object(Illuminate\\Http\\Request), Object(Closure), 'api')
#21 /Users/arsandiwirapanorama/Downloads/Ven-Barbershop/vendor/laravel/framework/src/Illuminate/Pipeline/Pipeline.php(119): Illuminate\\Pipeline\\Pipeline->Illuminate\\Pipeline\\{closure}(Object(Illuminate\\Http\\Request))
#22 /Users/arsandiwirapanorama/Downloads/Ven-Barbershop/vendor/laravel/framework/src/Illuminate/Routing/Router.php(805): Illuminate\\Pipeline\\Pipeline->then(Object(Closure))
#23 /Users/arsandiwirapanorama/Downloads/Ven-Barbershop/vendor/laravel/framework/src/Illuminate/Routing/Router.php(784): Illuminate\\Routing\\Router->runRouteWithinStack(Object(Illuminate\\Routing\\Route), Object(Illuminate\\Http\\Request))
#24 /Users/arsandiwirapanorama/Downloads/Ven-Barbershop/vendor/laravel/framework/src/Illuminate/Routing/Router.php(748): Illuminate\\Routing\\Router->runRoute(Object(Illuminate\\Http\\Request), Object(Illuminate\\Routing\\Route))
#25 /Users/arsandiwirapanorama/Downloads/Ven-Barbershop/vendor/laravel/framework/src/Illuminate/Routing/Router.php(737): Illuminate\\Routing\\Router->dispatchToRoute(Object(Illuminate\\Http\\Request))
#26 /Users/arsandiwirapanorama/Downloads/Ven-Barbershop/vendor/laravel/framework/src/Illuminate/Foundation/Http/Kernel.php(200): Illuminate\\Routing\\Router->dispatch(Object(Illuminate\\Http\\Request))
#27 /Users/arsandiwirapanorama/Downloads/Ven-Barbershop/vendor/laravel/framework/src/Illuminate/Pipeline/Pipeline.php(144): Illuminate\\Foundation\\Http\\Kernel->Illuminate\\Foundation\\Http\\{closure}(Object(Illuminate\\Http\\Request))
#28 /Users/arsandiwirapanorama/Downloads/Ven-Barbershop/vendor/laravel/framework/src/Illuminate/Foundation/Http/Middleware/TransformsRequest.php(21): Illuminate\\Pipeline\\Pipeline->Illuminate\\Pipeline\\{closure}(Object(Illuminate\\Http\\Request))
#29 /Users/arsandiwirapanorama/Downloads/Ven-Barbershop/vendor/laravel/framework/src/Illuminate/Foundation/Http/Middleware/ConvertEmptyStringsToNull.php(31): Illuminate\\Foundation\\Http\\Middleware\\TransformsRequest->handle(Object(Illuminate\\Http\\Request), Object(Closure))
#30 /Users/arsandiwirapanorama/Downloads/Ven-Barbershop/vendor/laravel/framework/src/Illuminate/Pipeline/Pipeline.php(183): Illuminate\\Foundation\\Http\\Middleware\\ConvertEmptyStringsToNull->handle(Object(Illuminate\\Http\\Request), Object(Closure))
#31 /Users/arsandiwirapanorama/Downloads/Ven-Barbershop/vendor/laravel/framework/src/Illuminate/Foundation/Http/Middleware/TransformsRequest.php(21): Illuminate\\Pipeline\\Pipeline->Illuminate\\Pipeline\\{closure}(Object(Illuminate\\Http\\Request))
#32 /Users/arsandiwirapanorama/Downloads/Ven-Barbershop/vendor/laravel/framework/src/Illuminate/Foundation/Http/Middleware/TrimStrings.php(40): Illuminate\\Foundation\\Http\\Middleware\\TransformsRequest->handle(Object(Illuminate\\Http\\Request), Object(Closure))
#33 /Users/arsandiwirapanorama/Downloads/Ven-Barbershop/vendor/laravel/framework/src/Illuminate/Pipeline/Pipeline.php(183): Illuminate\\Foundation\\Http\\Middleware\\TrimStrings->handle(Object(Illuminate\\Http\\Request), Object(Closure))
#34 /Users/arsandiwirapanorama/Downloads/Ven-Barbershop/vendor/laravel/framework/src/Illuminate/Foundation/Http/Middleware/ValidatePostSize.php(27): Illuminate\\Pipeline\\Pipeline->Illuminate\\Pipeline\\{closure}(Object(Illuminate\\Http\\Request))
#35 /Users/arsandiwirapanorama/Downloads/Ven-Barbershop/vendor/laravel/framework/src/Illuminate/Pipeline/Pipeline.php(183): Illuminate\\Foundation\\Http\\Middleware\\ValidatePostSize->handle(Object(Illuminate\\Http\\Request), Object(Closure))
#36 /Users/arsandiwirapanorama/Downloads/Ven-Barbershop/vendor/laravel/framework/src/Illuminate/Foundation/Http/Middleware/PreventRequestsDuringMaintenance.php(99): Illuminate\\Pipeline\\Pipeline->Illuminate\\Pipeline\\{closure}(Object(Illuminate\\Http\\Request))
#37 /Users/arsandiwirapanorama/Downloads/Ven-Barbershop/vendor/laravel/framework/src/Illuminate/Pipeline/Pipeline.php(183): Illuminate\\Foundation\\Http\\Middleware\\PreventRequestsDuringMaintenance->handle(Object(Illuminate\\Http\\Request), Object(Closure))
#38 /Users/arsandiwirapanorama/Downloads/Ven-Barbershop/vendor/laravel/framework/src/Illuminate/Http/Middleware/HandleCors.php(62): Illuminate\\Pipeline\\Pipeline->Illuminate\\Pipeline\\{closure}(Object(Illuminate\\Http\\Request))
#39 /Users/arsandiwirapanorama/Downloads/Ven-Barbershop/vendor/laravel/framework/src/Illuminate/Pipeline/Pipeline.php(183): Illuminate\\Http\\Middleware\\HandleCors->handle(Object(Illuminate\\Http\\Request), Object(Closure))
#40 /Users/arsandiwirapanorama/Downloads/Ven-Barbershop/vendor/laravel/framework/src/Illuminate/Http/Middleware/TrustProxies.php(39): Illuminate\\Pipeline\\Pipeline->Illuminate\\Pipeline\\{closure}(Object(Illuminate\\Http\\Request))
#41 /Users/arsandiwirapanorama/Downloads/Ven-Barbershop/vendor/laravel/framework/src/Illuminate/Pipeline/Pipeline.php(183): Illuminate\\Http\\Middleware\\TrustProxies->handle(Object(Illuminate\\Http\\Request), Object(Closure))
#42 /Users/arsandiwirapanorama/Downloads/Ven-Barbershop/vendor/laravel/framework/src/Illuminate/Pipeline/Pipeline.php(119): Illuminate\\Pipeline\\Pipeline->Illuminate\\Pipeline\\{closure}(Object(Illuminate\\Http\\Request))
#43 /Users/arsandiwirapanorama/Downloads/Ven-Barbershop/vendor/laravel/framework/src/Illuminate/Foundation/Http/Kernel.php(175): Illuminate\\Pipeline\\Pipeline->then(Object(Closure))
#44 /Users/arsandiwirapanorama/Downloads/Ven-Barbershop/vendor/laravel/framework/src/Illuminate/Foundation/Http/Kernel.php(144): Illuminate\\Foundation\\Http\\Kernel->sendRequestThroughRouter(Object(Illuminate\\Http\\Request))
#45 /Users/arsandiwirapanorama/Downloads/Ven-Barbershop/public/index.php(51): Illuminate\\Foundation\\Http\\Kernel->handle(Object(Illuminate\\Http\\Request))
#46 /Users/arsandiwirapanorama/Downloads/Ven-Barbershop/vendor/laravel/framework/src/Illuminate/Foundation/resources/server.php(16): require_once('/Users/arsandiw...')
#47 {main}
"} 
[2025-08-17 22:11:01] local.ERROR: filemtime(): stat failed for /Users/arsandiwirapanorama/Downloads/Ven-Barbershop/.env {"exception":"[object] (ErrorException(code: 0): filemtime(): stat failed for /Users/arsandiwirapanorama/Downloads/Ven-Barbershop/.env at /Users/arsandiwirapanorama/Downloads/Ven-Barbershop/vendor/laravel/framework/src/Illuminate/Foundation/Console/ServeCommand.php:102)
[stacktrace]
#0 /Users/arsandiwirapanorama/Downloads/Ven-Barbershop/vendor/laravel/framework/src/Illuminate/Foundation/Bootstrap/HandleExceptions.php(255): Illuminate\\Foundation\\Bootstrap\\HandleExceptions->handleError(2, 'filemtime(): st...', '/Users/arsandiw...', 102)
#1 [internal function]: Illuminate\\Foundation\\Bootstrap\\HandleExceptions->Illuminate\\Foundation\\Bootstrap\\{closure}(2, 'filemtime(): st...', '/Users/arsandiw...', 102)
#2 /Users/arsandiwirapanorama/Downloads/Ven-Barbershop/vendor/laravel/framework/src/Illuminate/Foundation/Console/ServeCommand.php(102): filemtime('/Users/arsandiw...')
#3 /Users/arsandiwirapanorama/Downloads/Ven-Barbershop/vendor/laravel/framework/src/Illuminate/Container/BoundMethod.php(36): Illuminate\\Foundation\\Console\\ServeCommand->handle()
#4 /Users/arsandiwirapanorama/Downloads/Ven-Barbershop/vendor/laravel/framework/src/Illuminate/Container/Util.php(41): Illuminate\\Container\\BoundMethod::Illuminate\\Container\\{closure}()
#5 /Users/arsandiwirapanorama/Downloads/Ven-Barbershop/vendor/laravel/framework/src/Illuminate/Container/BoundMethod.php(93): Illuminate\\Container\\Util::unwrapIfClosure(Object(Closure))
#6 /Users/arsandiwirapanorama/Downloads/Ven-Barbershop/vendor/laravel/framework/src/Illuminate/Container/BoundMethod.php(35): Illuminate\\Container\\BoundMethod::callBoundMethod(Object(Illuminate\\Foundation\\Application), Array, Object(Closure))
#7 /Users/arsandiwirapanorama/Downloads/Ven-Barbershop/vendor/laravel/framework/src/Illuminate/Container/Container.php(662): Illuminate\\Container\\BoundMethod::call(Object(Illuminate\\Foundation\\Application), Array, Array, NULL)
#8 /Users/arsandiwirapanorama/Downloads/Ven-Barbershop/vendor/laravel/framework/src/Illuminate/Console/Command.php(211): Illuminate\\Container\\Container->call(Array)
#9 /Users/arsandiwirapanorama/Downloads/Ven-Barbershop/vendor/symfony/console/Command/Command.php(326): Illuminate\\Console\\Command->execute(Object(Symfony\\Component\\Console\\Input\\ArgvInput), Object(Illuminate\\Console\\OutputStyle))
#10 /Users/arsandiwirapanorama/Downloads/Ven-Barbershop/vendor/laravel/framework/src/Illuminate/Console/Command.php(180): Symfony\\Component\\Console\\Command\\Command->run(Object(Symfony\\Component\\Console\\Input\\ArgvInput), Object(Illuminate\\Console\\OutputStyle))
#11 /Users/arsandiwirapanorama/Downloads/Ven-Barbershop/vendor/symfony/console/Application.php(1096): Illuminate\\Console\\Command->run(Object(Symfony\\Component\\Console\\Input\\ArgvInput), Object(Symfony\\Component\\Console\\Output\\ConsoleOutput))
#12 /Users/arsandiwirapanorama/Downloads/Ven-Barbershop/vendor/symfony/console/Application.php(324): Symfony\\Component\\Console\\Application->doRunCommand(Object(Illuminate\\Foundation\\Console\\ServeCommand), Object(Symfony\\Component\\Console\\Input\\ArgvInput), Object(Symfony\\Component\\Console\\Output\\ConsoleOutput))
#13 /Users/arsandiwirapanorama/Downloads/Ven-Barbershop/vendor/symfony/console/Application.php(175): Symfony\\Component\\Console\\Application->doRun(Object(Symfony\\Component\\Console\\Input\\ArgvInput), Object(Symfony\\Component\\Console\\Output\\ConsoleOutput))
#14 /Users/arsandiwirapanorama/Downloads/Ven-Barbershop/vendor/laravel/framework/src/Illuminate/Foundation/Console/Kernel.php(201): Symfony\\Component\\Console\\Application->run(Object(Symfony\\Component\\Console\\Input\\ArgvInput), Object(Symfony\\Component\\Console\\Output\\ConsoleOutput))
#15 /Users/arsandiwirapanorama/Downloads/Ven-Barbershop/artisan(35): Illuminate\\Foundation\\Console\\Kernel->handle(Object(Symfony\\Component\\Console\\Input\\ArgvInput), Object(Symfony\\Component\\Console\\Output\\ConsoleOutput))
#16 {main}
"} 
